first_name,last_name,email,zip_code,address,city,state,price_$,price_cents,available,time_available
Sayre,Pinnocke,spinnocke0@behance.net,52509,Suite 64,San Francisco,CA,14,49,1,206
Rosemary,McCumesky,rmccumesky1@dell.com,11107,Room 1733,Rochester,NY,42,72,0,805
Curr,Ransom,cransom2@weebly.com,63216,Suite 17,Charleston,WV,36,60,0,790
Pascale,Kittel,pkittel3@printfriendly.com,65138,Apt 1765,Chicago,IL,28,55,1,43
Hattie,Pennigar,hpennigar4@yelp.com,81122,Apt 1563,Dallas,TX,33,46,1,161
Jenna,Fyldes,jfyldes5@unesco.org,64569,Room 1433,Washington,DC,28,32,1,705
Eadmund,Janisson,ejanisson6@t-online.de,16995,Suite 90,Cedar Rapids,IA,39,66,1,521
Issie,Studart,istudart7@dot.gov,91909,Room 1828,Warren,MI,31,20,0,867
Jeno,Fahy,jfahy8@java.com,50632,4th Floor,Tulsa,OK,24,46,0,492
Edd,Stolze,estolze9@webs.com,71351,19th Floor,Washington,DC,45,77,0,840
Erl,Gellier,egelliera@facebook.com,71488,Suite 85,Dallas,TX,11,92,1,958
Reta,Stallworth,rstallworthb@live.com,81919,PO Box 89916,Dallas,TX,5,53,0,580
Jeremiah,Suscens,jsuscensc@blogtalkradio.com,77642,6th Floor,Cleveland,OH,29,70,0,182
Jaymie,Soar,jsoard@reverbnation.com,18050,Apt 558,Sacramento,CA,7,86,0,176
Ginnifer,Stobbe,gstobbee@about.me,30451,PO Box 83746,Salinas,CA,28,88,0,961
Stewart,Benedit,sbeneditf@yellowbook.com,91943,PO Box 38811,Corona,CA,27,40,1,463
Garfield,Clementson,gclementsong@cbsnews.com,22543,Apt 227,San Diego,CA,15,73,0,652
Lorraine,Kinmond,lkinmondh@vimeo.com,22770,PO Box 7409,Richmond,VA,45,81,0,581
Zacharias,Vesty,zvestyi@mapquest.com,54488,PO Box 94883,Bradenton,FL,5,79,0,417
Junie,Grombridge,jgrombridgej@trellian.com,49082,Suite 66,Corpus Christi,TX,45,74,1,256
Jeno,Lunbech,jlunbechk@cafepress.com,96657,Suite 43,Phoenix,AZ,43,86,1,42
Kellyann,Lamplough,klamploughl@blinklist.com,22156,PO Box 66205,Richmond,VA,19,45,1,885
Babbie,Decourt,bdecourtm@blogspot.com,40246,Room 659,Salt Lake City,UT,28,87,1,9
Fina,Derl,fderln@desdev.cn,48610,PO Box 29066,Minneapolis,MN,43,86,0,103
Richie,Henighan,rhenighano@weather.com,15686,14th Floor,Frederick,MD,45,36,1,847
Mal,Rennenbach,mrennenbachp@epa.gov,83875,PO Box 8508,Escondido,CA,11,12,0,9
Joya,Ridding,jriddingq@cargocollective.com,58951,4th Floor,Knoxville,TN,37,97,1,34
Essie,Greengrass,egreengrassr@ucoz.com,10852,PO Box 30493,East Saint Louis,IL,41,43,0,826
Ezequiel,Skittreal,eskittreals@omniture.com,65975,PO Box 21915,Oakland,CA,49,26,1,304
Juliet,Orrey,jorreyt@umn.edu,63448,PO Box 1646,Corpus Christi,TX,35,82,1,221
Herman,Clarkson,hclarksonu@bbb.org,88728,Apt 1132,Decatur,GA,9,83,1,849
Morten,Kock,mkockv@theguardian.com,97745,8th Floor,Honolulu,HI,30,21,0,809
Philip,Penbarthy,ppenbarthyw@senate.gov,94673,1st Floor,Stamford,CT,7,48,1,212
Raf,Brinkley,rbrinkleyx@imgur.com,55923,9th Floor,Birmingham,AL,45,97,0,579
Nadya,Haffard,nhaffardy@squarespace.com,73785,Room 496,Minneapolis,MN,28,74,0,678
Vita,Hassell,vhassellz@i2i.jp,31465,Apt 1484,Washington,DC,32,72,1,794
Beilul,Okey,bokey10@microsoft.com,87167,13th Floor,Chattanooga,TN,47,29,0,430
Kimberlee,Stonebridge,kstonebridge11@gnu.org,61225,PO Box 55195,Vienna,VA,11,44,0,101
Kaela,Morkham,kmorkham12@xing.com,55435,Room 1075,London,KY,15,51,0,633
Vidovik,Tarbox,vtarbox13@hhs.gov,93596,PO Box 46429,Austin,TX,29,18,1,282
Timmy,Briskey,tbriskey14@latimes.com,77467,PO Box 65133,Norfolk,VA,45,42,1,495
Geri,De Gregoli,gdegregoli15@cisco.com,51912,Suite 58,Scottsdale,AZ,45,25,1,610
Paulie,Cullivan,pcullivan16@icio.us,76510,Apt 166,Brooksville,FL,13,13,0,235
Minny,Selly,mselly17@furl.net,29804,4th Floor,Shawnee Mission,KS,43,11,0,217
Adah,Lassen,alassen18@virginia.edu,76605,PO Box 69715,Carol Stream,IL,33,89,1,640
Tybi,Esch,tesch19@example.com,97679,19th Floor,Arlington,VA,43,90,0,683
Rolph,Romi,rromi1a@reddit.com,85131,PO Box 85012,Santa Rosa,CA,24,58,0,480
Shep,Budge,sbudge1b@chron.com,34934,Suite 85,Indianapolis,IN,39,90,1,349
Jeniffer,Tilmouth,jtilmouth1c@hexun.com,60378,Room 1521,Valley Forge,PA,29,78,1,921
Lulita,Densie,ldensie1d@amazon.co.uk,45854,12th Floor,San Antonio,TX,45,37,0,862
Zelda,Purkiss,zpurkiss1e@sogou.com,53277,Room 581,Hartford,CT,20,16,0,488
Rik,Luckings,rluckings1f@webeden.co.uk,73501,Suite 88,Midland,TX,43,78,1,744
Lion,Goggan,lgoggan1g@cbc.ca,94131,Apt 1194,Saint Louis,MO,9,21,1,685
Arlene,Alcott,aalcott1h@wisc.edu,41370,Suite 42,Brooklyn,NY,46,97,1,253
Natka,Wolfendale,nwolfendale1i@jalbum.net,20890,PO Box 28716,Rochester,NY,6,90,1,271
Albina,Darley,adarley1j@mapy.cz,88029,Apt 404,New York City,NY,47,57,1,73
Adore,Crookston,acrookston1k@jiathis.com,48487,Apt 1067,Detroit,MI,12,91,1,751
Zelda,Godlee,zgodlee1l@gov.uk,88180,3rd Floor,Tampa,FL,38,21,1,255
Jyoti,Greaser,jgreaser1m@nps.gov,60113,PO Box 90643,Fayetteville,NC,12,20,0,772
Nesta,Mithun,nmithun1n@alexa.com,20086,Apt 610,Richmond,VA,50,0,0,550
Zelma,Mac Giolla Pheadair,zmacgiollapheadair1o@chron.com,65105,3rd Floor,Washington,DC,37,60,0,976
Minna,Dowe,mdowe1p@ycombinator.com,90011,Apt 1453,Harrisburg,PA,39,27,0,90
Janeta,Robens,jrobens1q@forbes.com,35140,10th Floor,Fort Lauderdale,FL,21,20,1,32
Philis,Kleiser,pkleiser1r@1und1.de,11917,Room 685,Gainesville,GA,8,97,1,459
Nahum,Antao,nantao1s@netlog.com,71172,PO Box 28738,Los Angeles,CA,5,8,1,973
Wallas,Marages,wmarages1t@ow.ly,81758,PO Box 43797,Bakersfield,CA,15,26,1,947
Simeon,Twomey,stwomey1u@vkontakte.ru,50924,1st Floor,New York City,NY,16,16,0,378
Rois,Hanny,rhanny1v@fda.gov,92549,Room 153,San Diego,CA,45,19,0,491
Arley,Shervil,ashervil1w@abc.net.au,56156,PO Box 75934,Pasadena,CA,47,25,0,434
Emmeline,Brecon,ebrecon1x@miibeian.gov.cn,99674,Room 1710,Flint,MI,30,79,0,118
Mick,Lanchberry,mlanchberry1y@sohu.com,97304,PO Box 18844,Saint Paul,MN,16,91,1,411
Cal,Stevani,cstevani1z@nyu.edu,38906,8th Floor,Chicago,IL,23,47,0,363
Rowe,Northgraves,rnorthgraves20@scribd.com,29039,PO Box 67460,Charlotte,NC,48,20,0,844
Una,Peerman,upeerman21@marriott.com,65677,Room 717,Huntington,WV,37,65,1,969
Sammie,Blesli,sblesli22@pagesperso-orange.fr,99835,18th Floor,Birmingham,AL,9,87,1,11
Tammi,Haysar,thaysar23@cisco.com,44123,16th Floor,Wichita,KS,42,58,1,696
Hadria,Berzon,hberzon24@is.gd,63052,PO Box 90154,Savannah,GA,48,76,1,527
Bonni,Rames,brames25@apache.org,87695,Suite 62,Syracuse,NY,35,15,0,937
Aldous,Oxx,aoxx26@salon.com,87127,14th Floor,San Jose,CA,18,84,1,161
Audrey,Neaves,aneaves27@cloudflare.com,91077,PO Box 21974,Atlanta,GA,25,85,0,916
Giacomo,Grover,ggrover28@ftc.gov,75608,5th Floor,Washington,DC,16,16,1,872
Yolande,Mingardi,ymingardi29@paypal.com,98466,Room 788,Spring Hill,FL,28,32,0,618
Andrew,Niccols,aniccols2a@howstuffworks.com,16662,Apt 123,Dallas,TX,21,13,0,382
Helli,Keeping,hkeeping2b@photobucket.com,21142,Room 113,Brockton,MA,50,46,1,100
Lorain,Kynastone,lkynastone2c@yandex.ru,40577,Room 1629,Tucson,AZ,6,98,1,179
Tomaso,Spelsbury,tspelsbury2d@ocn.ne.jp,20828,Room 409,Tulsa,OK,8,64,1,75
Flin,Prando,fprando2e@bbb.org,69597,16th Floor,Saginaw,MI,18,17,0,916
Austin,Fewell,afewell2f@yandex.ru,62048,PO Box 12102,Canton,OH,28,78,1,40
Kassie,Dalliwatr,kdalliwatr2g@latimes.com,88891,PO Box 90833,Flint,MI,47,67,0,584
Giacinta,Siddele,gsiddele2h@reverbnation.com,69875,Suite 37,Newark,DE,25,79,1,655
Jesselyn,Seawright,jseawright2i@jigsy.com,76934,Suite 45,Omaha,NE,27,95,1,923
Stillmann,Deverell,sdeverell2j@wsj.com,69792,Apt 4,Jamaica,NY,49,54,1,532
Dene,Paroni,dparoni2k@about.com,92609,PO Box 97977,Honolulu,HI,25,71,0,735
Shir,Caveill,scaveill2l@auda.org.au,92416,Apt 527,Boston,MA,8,62,0,66
Agnes,Fendt,afendt2m@chronoengine.com,50922,Apt 1168,San Bernardino,CA,15,9,0,319
Sephira,Napleton,snapleton2n@google.ru,99506,PO Box 18272,Columbia,MO,31,81,0,117
Tandi,Sarjeant,tsarjeant2o@google.fr,56921,Apt 311,Madison,WI,9,52,0,369
Emelyne,Durtnell,edurtnell2p@exblog.jp,43853,Room 1540,Amarillo,TX,41,83,0,649
Orel,Tynnan,otynnan2q@arstechnica.com,85829,Apt 1552,Tampa,FL,15,99,1,485
Conni,Alesio,calesio2r@oracle.com,22251,Room 1877,Cincinnati,OH,11,0,1,731
Aileen,Streeter,astreeter2s@yahoo.com,52735,PO Box 26529,Bethlehem,PA,37,62,0,463
Elianore,MacBey,emacbey2t@elegantthemes.com,28205,Suite 62,Kansas City,MO,22,99,0,995
Blanca,Dyment,bdyment2u@furl.net,65277,Apt 479,Beaufort,SC,41,52,0,346
Hugo,Masson,hmasson2v@newyorker.com,15019,Apt 1272,Anaheim,CA,45,25,0,471
Jarib,Dytham,jdytham2w@de.vu,19805,Apt 869,Houston,TX,16,93,1,146
Joanie,Letty,jletty2x@alibaba.com,98556,Suite 18,Buffalo,NY,34,30,1,899
Kala,Yakovliv,kyakovliv2y@miitbeian.gov.cn,47403,9th Floor,San Francisco,CA,38,14,1,821
Harper,Arpin,harpin2z@taobao.com,17864,Suite 46,Mesa,AZ,18,44,1,445
Meris,Holdron,mholdron30@devhub.com,32835,Room 1680,Salt Lake City,UT,15,50,0,600
Rea,Jacombs,rjacombs31@technorati.com,50861,20th Floor,Saint Louis,MO,22,17,0,431
Waldemar,Neising,wneising32@aol.com,42832,PO Box 55908,Tacoma,WA,12,30,1,450
Felice,Germain,fgermain33@patch.com,50215,Room 1474,Bethlehem,PA,45,44,1,505
Roxine,Rooze,rrooze34@tripod.com,21089,Suite 16,Houston,TX,12,1,1,497
Georas,Reinger,greinger35@issuu.com,52932,PO Box 31795,Oklahoma City,OK,20,46,0,338
Deloria,Tremouille,dtremouille36@feedburner.com,80782,PO Box 54648,Henderson,NV,38,75,1,671
Sheri,Thrasher,sthrasher37@ow.ly,61341,Apt 548,Boulder,CO,48,31,1,3
Hedwig,Crut,hcrut38@behance.net,59066,Apt 1472,San Jose,CA,14,8,1,962
Lew,Virgin,lvirgin39@last.fm,69917,PO Box 7307,Spokane,WA,17,26,1,843
Cletis,Duncklee,cduncklee3a@github.com,88353,Apt 578,Wichita,KS,21,92,0,209
Merl,Baynam,mbaynam3b@meetup.com,84992,Suite 1,Nashville,TN,11,6,0,487
Ronda,Blakelock,rblakelock3c@tamu.edu,52261,Room 1686,Houston,TX,24,25,0,948
Maible,Brooking,mbrooking3d@linkedin.com,81864,Room 1650,Roanoke,VA,29,85,1,339
Alonzo,Ducker,aducker3e@statcounter.com,88844,Apt 953,Raleigh,NC,29,57,0,236
Arny,Marjoram,amarjoram3f@bigcartel.com,12783,Suite 93,Jacksonville,FL,22,97,0,785
Carol-jean,Edlington,cedlington3g@hud.gov,68826,PO Box 22797,Fresno,CA,8,72,1,926
Tresa,Videneev,tvideneev3h@ox.ac.uk,90360,Suite 78,Shreveport,LA,34,21,0,991
Noble,Jobson,njobson3i@icio.us,22856,Room 1699,Seminole,FL,5,79,0,466
Rubina,Harnor,rharnor3j@webmd.com,24547,Suite 16,Indianapolis,IN,39,9,0,111
Martie,Rivel,mrivel3k@go.com,81671,Apt 184,Salt Lake City,UT,8,0,1,95
Loutitia,Beech,lbeech3l@nih.gov,37883,Suite 78,Racine,WI,12,9,0,65
Lona,Rayman,lrayman3m@mapy.cz,52292,Suite 94,Lawrenceville,GA,33,5,0,919
Danell,Albinson,dalbinson3n@europa.eu,77587,Room 753,Washington,DC,13,84,1,656
Martica,Prando,mprando3o@plala.or.jp,72089,Suite 76,New York City,NY,24,12,1,891
Gerick,Valentelli,gvalentelli3p@typepad.com,98491,17th Floor,Fort Wayne,IN,44,87,1,636
Brooke,Ivakhno,bivakhno3q@loc.gov,44611,Suite 3,Honolulu,HI,10,2,0,86
Liana,Teresse,lteresse3r@java.com,32934,16th Floor,Gaithersburg,MD,34,73,0,508
Bella,Adamski,badamski3s@nymag.com,43103,Apt 428,Dallas,TX,17,60,1,635
Joya,Llopis,jllopis3t@abc.net.au,39456,PO Box 52887,Olympia,WA,41,75,1,735
Thaine,Vosse,tvosse3u@phpbb.com,99546,Suite 17,Waco,TX,19,70,0,738
Antonietta,Ferrier,aferrier3v@blogs.com,18771,3rd Floor,New Bedford,MA,13,65,0,671
Velvet,Bullers,vbullers3w@biblegateway.com,18246,Suite 61,Terre Haute,IN,20,35,1,251
Koralle,Heigold,kheigold3x@techcrunch.com,20111,Room 1782,Green Bay,WI,21,66,0,447
Ariana,Ridewood,aridewood3y@yelp.com,17147,Suite 53,Fayetteville,NC,43,58,1,875
Christian,Guitton,cguitton3z@technorati.com,86347,Apt 1455,Ocala,FL,48,43,1,851
Dexter,Bearsmore,dbearsmore40@smh.com.au,69857,4th Floor,Saint Paul,MN,12,17,1,500
Norri,Brierton,nbrierton41@utexas.edu,20447,10th Floor,Orlando,FL,22,75,0,93
Ann,Rosier,arosier42@mlb.com,74946,19th Floor,Clearwater,FL,7,63,1,258
Karen,De Filippo,kdefilippo43@uol.com.br,34043,Apt 1119,Oakland,CA,7,41,0,306
Michal,Heller,mheller44@last.fm,94264,Room 5,Oklahoma City,OK,41,29,1,118
Ethelyn,Trengrove,etrengrove45@yellowpages.com,43441,Suite 40,Rochester,NY,38,58,1,430
Preston,Stutte,pstutte46@yolasite.com,85704,Apt 1363,Springfield,IL,39,26,1,894
Jarid,Lerhinan,jlerhinan47@imgur.com,17990,Room 1384,Washington,DC,49,34,1,850
Mark,Mulcock,mmulcock48@sun.com,97088,18th Floor,Nashville,TN,23,70,1,925
Wolfie,Geistmann,wgeistmann49@apache.org,93063,19th Floor,Portsmouth,VA,14,17,0,888
Ingunna,Iacomelli,iiacomelli4a@xing.com,30713,Room 987,York,PA,39,86,0,597
Livia,Hinrichs,lhinrichs4b@yale.edu,37361,PO Box 4376,Richmond,VA,37,82,1,81
Fedora,Lodewick,flodewick4c@i2i.jp,54282,Room 1809,Rockford,IL,45,93,1,504
Lloyd,Kowalski,lkowalski4d@discuz.net,57284,PO Box 88702,Battle Creek,MI,25,96,1,213
Elliot,Shoveller,eshoveller4e@macromedia.com,31579,Apt 1445,San Jose,CA,18,89,1,536
Carine,M'Chirrie,cmchirrie4f@webnode.com,90748,16th Floor,Charleston,SC,13,15,0,536
Yorgos,Samter,ysamter4g@sitemeter.com,32647,20th Floor,Denver,CO,45,3,0,59
Barny,Niche,bniche4h@dropbox.com,28936,PO Box 58723,Washington,DC,10,61,0,237
Lowrance,Iannelli,liannelli4i@usatoday.com,90905,Suite 1,Kansas City,KS,23,27,1,821
Graeme,Orton,gorton4j@uiuc.edu,21965,Suite 5,Young America,MN,7,1,0,807
Frannie,Ingleton,fingleton4k@jalbum.net,14198,Suite 36,Lexington,KY,5,46,0,889
Nert,Goodyear,ngoodyear4l@nationalgeographic.com,30233,Room 1718,Pompano Beach,FL,32,1,0,497
Bronny,Eneas,beneas4m@altervista.org,18276,Room 1739,Knoxville,TN,50,99,1,506
Colleen,Milkin,cmilkin4n@paginegialle.it,39062,Room 1016,Lincoln,NE,12,61,0,18
Ermin,Cavolini,ecavolini4o@1und1.de,71830,4th Floor,Evanston,IL,38,35,0,34
Guntar,Corinton,gcorinton4p@yahoo.com,34523,Room 1955,Austin,TX,8,73,1,493
Sephira,Spuner,sspuner4q@instagram.com,80326,Apt 811,Columbia,SC,43,40,0,760
Gregoor,Brownell,gbrownell4r@youtube.com,57847,11th Floor,Milwaukee,WI,20,17,0,593
Clem,Santoro,csantoro4s@salon.com,69455,Suite 90,Manchester,NH,5,75,1,972
Emmalynne,Phillips,ephillips4t@hud.gov,91882,8th Floor,Bethlehem,PA,40,10,1,547
Stanfield,Bayly,sbayly4u@sun.com,30104,Apt 1916,Pensacola,FL,50,25,0,772
Nyssa,Moncrieffe,nmoncrieffe4v@artisteer.com,50667,Suite 27,Bryan,TX,13,50,1,771
Coleen,Andreopolos,candreopolos4w@wp.com,34604,Apt 1588,Saint Paul,MN,15,32,1,603
Kasper,Kirman,kkirman4x@cnbc.com,36222,Room 1808,Philadelphia,PA,44,37,1,461
Bevvy,Loeber,bloeber4y@ustream.tv,32627,Apt 1473,Boston,MA,10,93,1,182
Dannel,Segoe,dsegoe4z@hibu.com,41448,Apt 135,South Bend,IN,50,87,0,739
Ambrosius,Zannelli,azannelli50@shareasale.com,83942,Suite 60,Topeka,KS,25,84,0,393
Noach,Glazer,nglazer51@networkadvertising.org,85533,Suite 53,Lawrenceville,GA,24,52,1,262
Camella,Hexham,chexham52@nydailynews.com,59972,14th Floor,Fayetteville,NC,40,50,0,564
Maurise,Cornwall,mcornwall53@sina.com.cn,87651,Suite 42,Miami,FL,28,82,1,856
Klarrisa,Pentin,kpentin54@cyberchimps.com,72838,Suite 29,Maple Plain,MN,43,4,1,384
Michaela,Millhouse,mmillhouse55@so-net.ne.jp,62215,6th Floor,Pueblo,CO,18,93,0,101
Filmer,Peek,fpeek56@lulu.com,78123,Room 740,Albuquerque,NM,47,99,0,969
Harper,Heymann,hheymann57@umn.edu,70326,Apt 1340,Madison,WI,10,39,1,532
Robin,Titheridge,rtitheridge58@va.gov,47678,Apt 110,Los Angeles,CA,40,56,0,247
Ania,Lindup,alindup59@craigslist.org,11267,16th Floor,Springfield,MO,29,96,1,714
Colline,Parkyns,cparkyns5a@people.com.cn,89016,Room 1326,Glendale,AZ,43,39,0,945
Felecia,Sommerfeld,fsommerfeld5b@indiatimes.com,71504,Apt 1670,Columbus,OH,33,67,0,467
Kimberlyn,Mordon,kmordon5c@hp.com,36796,PO Box 76729,Bellevue,WA,30,17,0,646
Jeramey,Jedrych,jjedrych5d@ihg.com,40279,PO Box 51048,Charlotte,NC,35,48,1,167
Vivyan,Le Galle,vlegalle5e@independent.co.uk,34446,Room 307,Washington,DC,45,84,0,797
Brant,Crichley,bcrichley5f@tripadvisor.com,37322,Apt 394,Conroe,TX,6,26,1,573
Zarla,Otterwell,zotterwell5g@slashdot.org,33157,Suite 30,Prescott,AZ,43,88,0,72
Fritz,Moniker,fmoniker5h@businessweek.com,11226,Apt 1121,Savannah,GA,15,19,1,625
Marchelle,Pitts,mpitts5i@last.fm,12926,20th Floor,Miami,FL,17,43,1,104
Nari,Pariss,npariss5j@unc.edu,67670,Room 1000,Birmingham,AL,50,22,0,343
Giusto,McTurley,gmcturley5k@macromedia.com,15096,Suite 55,Denver,CO,26,95,1,998
Gwynne,Johns,gjohns5l@pcworld.com,40107,PO Box 40528,Fort Worth,TX,47,0,0,770
Alene,Skacel,askacel5m@deviantart.com,60836,Suite 9,Erie,PA,50,1,1,653
Dennie,Kohrs,dkohrs5n@histats.com,65510,PO Box 99414,Merrifield,VA,13,3,1,274
Jackie,Roelofs,jroelofs5o@flavors.me,32484,Suite 86,Detroit,MI,8,32,0,643
Ezmeralda,Hember,ehember5p@newsvine.com,26025,Room 1,Buffalo,NY,41,41,1,637
Annadiana,Mapplethorpe,amapplethorpe5q@weather.com,77257,Suite 59,Saint Paul,MN,33,3,0,603
Clare,Baston,cbaston5r@chronoengine.com,94800,Apt 664,Springfield,MA,9,77,1,36
Goldarina,Devons,gdevons5s@php.net,73523,Room 1554,Louisville,KY,33,64,1,818
Giorgia,Egdal,gegdal5t@wunderground.com,94563,19th Floor,Daytona Beach,FL,41,62,1,546
Abagael,Aleavy,aaleavy5u@ustream.tv,70252,3rd Floor,Portland,OR,43,56,0,861
Karly,Kleinerman,kkleinerman5v@dell.com,60828,Apt 8,Philadelphia,PA,24,47,0,826
Opalina,Davidov,odavidov5w@goo.ne.jp,19793,PO Box 60103,Chicago,IL,39,9,0,658
Darcee,Beloe,dbeloe5x@w3.org,13624,Apt 1579,Pittsburgh,PA,44,21,1,195
Shell,Schermick,sschermick5y@biblegateway.com,73338,2nd Floor,New York City,NY,34,5,0,767
Merilee,Creenan,mcreenan5z@ovh.net,69222,Room 1718,Baton Rouge,LA,28,53,0,340
Rog,Rate,rrate60@vimeo.com,22941,PO Box 9028,Baltimore,MD,19,33,0,449
Jere,Cato,jcato61@technorati.com,62434,Room 517,Springfield,IL,42,25,1,837
Bathsheba,Lennard,blennard62@discovery.com,78798,Suite 19,Washington,DC,26,22,1,833
Adelice,Lebond,alebond63@amazon.co.jp,53723,Suite 17,Birmingham,AL,10,25,0,288
Mayor,Trowsdall,mtrowsdall64@unesco.org,53679,10th Floor,Saint Cloud,MN,21,91,1,923
Boris,Jeffels,bjeffels65@cocolog-nifty.com,56019,10th Floor,Huntington,WV,24,94,0,137
Arlen,Ertelt,aertelt66@bravesites.com,19325,Room 1669,New York City,NY,48,4,0,844
Brandy,Piken,bpiken67@google.fr,74777,Apt 403,Hamilton,OH,20,15,0,590
Lind,Bayley,lbayley68@hugedomains.com,16133,Room 1631,Springfield,MO,15,89,1,696
Kerr,Oak,koak69@chicagotribune.com,40678,PO Box 77859,Garland,TX,6,94,0,958
Kelci,Essel,kessel6a@phpbb.com,28160,Suite 100,Atlanta,GA,18,51,0,615
Birdie,Dewett,bdewett6b@ed.gov,63129,Suite 87,Richmond,VA,26,66,0,950
Christin,Becket,cbecket6c@ask.com,39271,Room 1222,Boca Raton,FL,50,23,0,888
Gwenny,Jekyll,gjekyll6d@123-reg.co.uk,77547,7th Floor,New York City,NY,18,62,1,695
Alissa,Huertas,ahuertas6e@va.gov,96008,Room 366,El Paso,TX,17,32,0,83
Melloney,Trigg,mtrigg6f@craigslist.org,73496,12th Floor,Roanoke,VA,23,45,1,81
Morganne,Paulazzi,mpaulazzi6g@disqus.com,28246,3rd Floor,Topeka,KS,46,21,1,219
Georgeanna,Scholefield,gscholefield6h@rakuten.co.jp,98163,PO Box 26507,Corpus Christi,TX,35,71,0,285
Manda,Kleisle,mkleisle6i@unesco.org,19917,17th Floor,Phoenix,AZ,31,0,1,451
Cully,Pauletto,cpauletto6j@businessweek.com,60082,Suite 8,Richmond,VA,40,92,1,68
Gaylor,Minchenton,gminchenton6k@wsj.com,66593,Room 125,Pocatello,ID,28,0,1,199
Marcel,Ashard,mashard6l@360.cn,93309,Apt 1526,Southfield,MI,7,43,1,660
Berni,Fryatt,bfryatt6m@51.la,20332,Room 67,Memphis,TN,12,19,0,75
Leoline,Leal,lleal6n@arstechnica.com,49980,Suite 56,Montpelier,VT,28,91,1,506
Judas,Tatem,jtatem6o@vistaprint.com,78372,Suite 84,Schenectady,NY,18,70,0,599
Amberly,Sedman,asedman6p@hao123.com,89843,PO Box 52056,Mesa,AZ,18,82,1,391
Yehudi,Eggerton,yeggerton6q@zdnet.com,24788,PO Box 23898,Birmingham,AL,46,73,0,442
Giorgia,Tulk,gtulk6r@ca.gov,62634,Suite 11,Bismarck,ND,9,85,0,311
Wilburt,Snalum,wsnalum6s@sitemeter.com,96269,Apt 810,Melbourne,FL,34,53,1,215
Holmes,Burrus,hburrus6t@etsy.com,83118,Apt 165,Chandler,AZ,18,68,0,753
Dulci,Mickleburgh,dmickleburgh6u@blogger.com,62223,PO Box 95650,Denver,CO,40,30,1,614
Verna,Brankley,vbrankley6v@wikia.com,31225,18th Floor,Dayton,OH,50,14,0,176
Virge,Chsteney,vchsteney6w@europa.eu,95600,Room 1294,Newark,NJ,50,33,0,117
Sharl,Hemms,shemms6x@cargocollective.com,15592,Room 868,El Paso,TX,21,78,1,539
Sergei,Bunnell,sbunnell6y@fc2.com,98346,Suite 85,Houston,TX,44,49,0,475
Gale,Wimmer,gwimmer6z@studiopress.com,94542,Room 835,Waterbury,CT,30,65,1,567
Selma,Tuley,stuley70@bravesites.com,65507,Suite 23,Tampa,FL,48,51,0,137
Vanda,Breagan,vbreagan71@wikipedia.org,60148,Suite 85,Sacramento,CA,47,43,0,530
Josias,Elstone,jelstone72@addtoany.com,82623,PO Box 28421,Tacoma,WA,25,7,0,239
Angie,Ryson,aryson73@gizmodo.com,50684,Apt 1644,Irvine,CA,40,54,0,766
Sydney,Hebner,shebner74@merriam-webster.com,96977,PO Box 3375,Colorado Springs,CO,6,55,1,545
Clemmie,Plows,cplows75@ifeng.com,59370,3rd Floor,Saint Louis,MO,29,55,1,394
Violette,Bilton,vbilton76@elegantthemes.com,64200,Room 412,Seattle,WA,46,73,0,559
Flynn,Kenrat,fkenrat77@walmart.com,76734,4th Floor,Philadelphia,PA,32,31,1,33
Rici,Lawful,rlawful78@mtv.com,25377,PO Box 36980,Santa Cruz,CA,48,7,0,727
Xaviera,Standage,xstandage79@hostgator.com,43452,PO Box 84204,Macon,GA,30,75,1,74
Innis,Crellim,icrellim7a@mozilla.org,21902,2nd Floor,Chicago,IL,37,61,1,612
Luelle,McKelvey,lmckelvey7b@feedburner.com,88905,20th Floor,Birmingham,AL,31,11,0,88
Kirstin,Boame,kboame7c@imgur.com,72450,Apt 968,Washington,DC,30,43,0,128
Imojean,Popplewell,ipopplewell7d@pbs.org,44596,PO Box 99789,Santa Monica,CA,34,19,0,16
Glynis,Dounbare,gdounbare7e@github.com,19988,Apt 1913,Carlsbad,CA,41,43,1,180
Adriane,Lannen,alannen7f@epa.gov,97188,PO Box 83661,Merrifield,VA,42,81,1,929
Cher,Filip,cfilip7g@dedecms.com,59387,PO Box 22489,Atlanta,GA,47,98,1,762
Brittany,Blaschke,bblaschke7h@icq.com,17050,Suite 28,Annapolis,MD,36,65,0,379
Thalia,Estcot,testcot7i@google.com.au,65272,PO Box 93995,Valley Forge,PA,31,66,0,726
Brod,Secret,bsecret7j@bizjournals.com,64951,PO Box 25223,Washington,DC,8,61,0,846
Lidia,Turneaux,lturneaux7k@ucla.edu,47025,15th Floor,Greenville,SC,5,32,1,757
King,Dunleavy,kdunleavy7l@gov.uk,92117,Room 634,Chicago,IL,46,55,0,215
Jenelle,Dryburgh,jdryburgh7m@free.fr,56102,Room 1134,Portland,OR,17,58,0,996
Trey,Leaver,tleaver7n@diigo.com,48360,PO Box 54995,Rochester,NY,34,34,1,595
Brodie,Gepheart,bgepheart7o@rambler.ru,18032,Room 1212,Indianapolis,IN,36,70,1,131
Kareem,Ledbetter,kledbetter7p@twitpic.com,74014,7th Floor,Wilmington,DE,31,99,0,186
Deirdre,Schermick,dschermick7q@theatlantic.com,12502,Room 1178,San Antonio,TX,15,84,0,581
Lilyan,Dell Casa,ldellcasa7r@sohu.com,52469,PO Box 51080,Panama City,FL,32,47,0,497
Birgitta,Bevington,bbevington7s@plala.or.jp,14763,4th Floor,Brooklyn,NY,26,88,0,335
Lotty,Dalgarnocht,ldalgarnocht7t@opensource.org,94657,Suite 78,Lees Summit,MO,13,22,1,111
Camey,Scroxton,cscroxton7u@weather.com,60049,PO Box 35612,Rochester,NY,36,99,0,350
Aaren,Dunridge,adunridge7v@auda.org.au,25417,Suite 48,San Francisco,CA,34,98,0,509
Jordanna,Spurdens,jspurdens7w@hao123.com,26228,PO Box 92317,Washington,DC,24,69,1,613
Wendi,Cristofvao,wcristofvao7x@ifeng.com,43971,Suite 87,Kansas City,MO,15,5,1,723
Jessie,Butts,jbutts7y@rakuten.co.jp,77246,Room 1756,Miami,FL,31,31,1,121
Inger,Bostock,ibostock7z@tuttocitta.it,56292,PO Box 50053,Huntsville,AL,33,71,0,385
Clayson,Bettleson,cbettleson80@artisteer.com,68849,Suite 71,Saint Petersburg,FL,48,74,0,405
Cobby,Avrahm,cavrahm81@lycos.com,87709,20th Floor,Cincinnati,OH,28,68,0,471
Wye,Cruttenden,wcruttenden82@bloomberg.com,98158,PO Box 68154,Anchorage,AK,5,18,0,898
Chastity,Rydeard,crydeard83@google.it,15922,Room 1389,Louisville,KY,50,74,0,306
Quentin,Ewebank,qewebank84@archive.org,90645,PO Box 42288,Staten Island,NY,39,1,1,86
Shawnee,Scyner,sscyner85@dyndns.org,10388,Apt 1039,Little Rock,AR,23,44,1,353
Bernardo,Girvan,bgirvan86@moonfruit.com,66873,Room 1143,Wilmington,DE,43,60,0,100
Reagan,O' Brian,robrian87@dropbox.com,45354,Suite 81,Fort Worth,TX,46,89,0,172
Anatola,Morstatt,amorstatt88@com.com,85570,Apt 1145,Washington,DC,19,34,1,266
Corabelle,Easom,ceasom89@nba.com,11826,Suite 51,Hartford,CT,9,65,1,614
Fons,Proudler,fproudler8a@multiply.com,11270,Suite 39,Tampa,FL,18,48,1,64
Adi,Epgrave,aepgrave8b@xrea.com,32554,Suite 90,Saint Petersburg,FL,11,95,1,827
Emmet,Taber,etaber8c@spotify.com,85352,Suite 21,New Haven,CT,45,14,1,732
Savina,Banstead,sbanstead8d@sciencedaily.com,67709,Suite 99,Wichita Falls,TX,17,92,1,78
Brooks,Ubsdale,bubsdale8e@wisc.edu,52238,Apt 1788,West Palm Beach,FL,22,75,1,388
Brok,Peasey,bpeasey8f@ehow.com,63614,Suite 15,Boston,MA,50,50,0,833
Alfy,Catford,acatford8g@barnesandnoble.com,49888,Apt 573,Myrtle Beach,SC,29,17,0,185
Ainslee,Hailes,ahailes8h@tmall.com,46199,PO Box 10428,Birmingham,AL,16,0,0,358
Bronny,Brennen,bbrennen8i@xing.com,21443,Suite 16,Augusta,GA,30,55,0,9
Tracy,Cubberley,tcubberley8j@jimdo.com,23800,Room 972,Cleveland,OH,34,12,1,784
Prinz,McLenahan,pmclenahan8k@google.co.jp,82683,Room 1947,Nashville,TN,43,13,1,175
Lorrie,Antuoni,lantuoni8l@biblegateway.com,11903,12th Floor,Waco,TX,27,26,1,92
Bartholomeus,Pyson,bpyson8m@wp.com,15914,Suite 2,New York City,NY,10,11,0,570
Aloin,Yaakov,ayaakov8n@dagondesign.com,98624,15th Floor,Albany,NY,41,46,1,141
Bryon,Whitington,bwhitington8o@si.edu,21649,Room 475,New York City,NY,48,98,1,678
Nicolette,Lewin,nlewin8p@patch.com,90175,Suite 17,Denver,CO,22,0,1,528
Tabby,Dumpleton,tdumpleton8q@webnode.com,73766,Room 699,Washington,DC,5,86,1,74
Nanny,Wilne,nwilne8r@aol.com,10996,10th Floor,Saint Louis,MO,11,28,0,103
Elbertina,Kienlein,ekienlein8s@e-recht24.de,84526,Suite 88,Tampa,FL,6,22,1,322
Corty,McCallister,cmccallister8t@deliciousdays.com,54983,3rd Floor,Cleveland,OH,49,50,0,254
Audrye,Daldry,adaldry8u@cloudflare.com,49655,Room 1374,Maple Plain,MN,31,99,0,663
Abbe,Goodee,agoodee8v@cbslocal.com,12225,Room 1142,Worcester,MA,9,24,0,29
Jackie,Pollastrino,jpollastrino8w@artisteer.com,17671,PO Box 7409,Phoenix,AZ,21,88,0,827
Zane,Jamieson,zjamieson8x@tripadvisor.com,97772,Apt 1605,Hagerstown,MD,9,26,1,671
Lorin,Vasyanin,lvasyanin8y@taobao.com,32228,Apt 846,El Paso,TX,49,10,0,438
Gussi,de Cullip,gdecullip8z@princeton.edu,45598,Room 960,El Paso,TX,39,57,0,816
Addy,Winnard,awinnard90@nih.gov,49397,Apt 428,Elizabeth,NJ,10,34,1,990
Gabe,Ninnotti,gninnotti91@de.vu,67493,6th Floor,San Antonio,TX,48,81,0,860
Gibbie,Noirel,gnoirel92@shop-pro.jp,33242,20th Floor,Fort Lauderdale,FL,42,43,1,23
Bella,Gallant,bgallant93@hibu.com,31366,2nd Floor,Tallahassee,FL,10,78,1,547
Berte,McWhan,bmcwhan94@wunderground.com,53048,Room 250,Clearwater,FL,20,81,0,499
Franky,Mithun,fmithun95@umn.edu,27086,PO Box 47991,Knoxville,TN,33,71,1,802
Vina,Grime,vgrime96@rakuten.co.jp,62369,20th Floor,Albany,NY,18,6,1,327
Lemar,Eacott,leacott97@indiatimes.com,66712,Apt 1401,Portland,OR,48,58,0,900
Aliza,Hitcham,ahitcham98@wisc.edu,55080,Room 1398,Lake Worth,FL,48,52,0,188
Hendrika,Wasmer,hwasmer99@bandcamp.com,93930,Room 204,Baltimore,MD,37,69,0,904
Cassy,Rolph,crolph9a@bing.com,61586,Room 296,Hartford,CT,45,31,0,615
Massimo,Kemell,mkemell9b@earthlink.net,40539,PO Box 86436,Punta Gorda,FL,48,62,0,168
Cirstoforo,Isakson,cisakson9c@businessinsider.com,67597,Suite 38,Birmingham,AL,9,63,1,88
Bearnard,Domenicone,bdomenicone9d@si.edu,90537,PO Box 9568,San Diego,CA,31,29,0,936
Ola,Purves,opurves9e@woothemes.com,47894,Suite 88,Fort Wayne,IN,19,3,0,414
Derrek,Ilyukhov,dilyukhov9f@jugem.jp,25926,PO Box 15743,Birmingham,AL,46,17,0,45
Dayle,Welband,dwelband9g@aol.com,34000,11th Floor,Shreveport,LA,18,17,0,495
Angil,Kosel,akosel9h@meetup.com,85930,Apt 1116,Fort Smith,AR,45,51,1,339
Karlens,Cleaver,kcleaver9i@webs.com,61865,Apt 1004,Cincinnati,OH,26,27,1,583
Jean,Esom,jesom9j@phpbb.com,11920,Apt 1223,Baton Rouge,LA,45,37,0,894
Ellswerth,Boyan,eboyan9k@mashable.com,29045,4th Floor,Orlando,FL,15,5,0,173
Philip,Moules,pmoules9l@dion.ne.jp,85484,PO Box 90986,Washington,DC,43,82,0,573
Tiffy,Batterham,tbatterham9m@nyu.edu,50758,Suite 47,Abilene,TX,6,62,1,432
Gates,De Morena,gdemorena9n@wikispaces.com,55073,PO Box 41108,Orlando,FL,26,13,1,7
Amalia,McKinie,amckinie9o@census.gov,24029,PO Box 90663,Chesapeake,VA,38,19,0,26
Heinrick,Mulvagh,hmulvagh9p@house.gov,35219,Suite 43,Lexington,KY,12,96,0,702
Holmes,Kensington,hkensington9q@upenn.edu,20386,14th Floor,Tucson,AZ,47,65,0,292
Dredi,Lackeye,dlackeye9r@prweb.com,58948,PO Box 90657,Delray Beach,FL,23,54,1,696
Dyane,Cockerell,dcockerell9s@auda.org.au,58329,Apt 128,Sacramento,CA,50,17,1,736
Vasily,Gerok,vgerok9t@wisc.edu,21230,Suite 11,Riverside,CA,39,53,1,525
Ellary,Brennans,ebrennans9u@psu.edu,47768,Suite 82,Columbus,OH,34,62,0,302
Emanuele,Rue,erue9v@sbwire.com,10309,Suite 20,Pittsburgh,PA,47,40,0,224
Kylila,Longstreet,klongstreet9w@army.mil,37785,Apt 1035,Atlanta,GA,45,48,0,946
Callie,Stidston,cstidston9x@angelfire.com,76313,13th Floor,San Jose,CA,6,37,0,252
Debor,Skittrell,dskittrell9y@jigsy.com,43371,PO Box 95551,Washington,DC,26,70,1,475
Claudianus,Mulvenna,cmulvenna9z@businesswire.com,52278,Room 1347,Grand Rapids,MI,38,58,1,562
Guido,O'Kielt,gokielta0@marketwatch.com,71208,Suite 13,San Antonio,TX,47,78,1,760
Giselbert,Deakan,gdeakana1@yandex.ru,16248,PO Box 37791,Birmingham,AL,32,5,0,959
Candida,Ormshaw,cormshawa2@t-online.de,29129,Suite 14,Pompano Beach,FL,45,98,1,218
Papagena,Sousa,psousaa3@gmpg.org,61713,PO Box 98847,Denver,CO,44,64,0,29
Fulvia,Ambler,famblera4@oaic.gov.au,52277,Suite 93,Gaithersburg,MD,42,96,1,71
Laurie,Aylmer,laylmera5@home.pl,93146,Suite 48,Davenport,IA,35,83,0,675
Isidro,McAlroy,imcalroya6@about.me,26409,PO Box 15148,Denton,TX,35,86,1,412
Kerry,Brachell,kbrachella7@merriam-webster.com,13574,Room 600,Boca Raton,FL,9,89,1,665
Ailina,Woodfine,awoodfinea8@comcast.net,17517,Suite 77,Sarasota,FL,34,48,0,920
Giavani,Sermin,gsermina9@nhs.uk,81331,14th Floor,Muncie,IN,44,96,0,536
Alexia,Eilhersen,aeilhersenaa@youku.com,93687,PO Box 86000,Burbank,CA,45,10,0,780
Collen,Bernasek,cbernasekab@mysql.com,42744,Suite 83,Fort Worth,TX,5,69,0,42
Patrick,Hudson,phudsonac@miibeian.gov.cn,88539,Apt 1119,San Antonio,TX,30,81,1,710
Lari,Szymanzyk,lszymanzykad@springer.com,26093,19th Floor,Miami,FL,30,50,1,820
Sandor,Vakhonin,svakhoninae@statcounter.com,89830,19th Floor,Dayton,OH,23,97,0,360
Collete,Nesbit,cnesbitaf@indiegogo.com,46438,Room 802,Alexandria,VA,49,48,1,451
Sukey,Cammis,scammisag@smh.com.au,63554,Room 276,Aurora,CO,13,1,1,893
Tommi,Suttaby,tsuttabyah@prnewswire.com,98630,PO Box 64738,Panama City,FL,39,37,1,481
Consuela,Devericks,cdevericksai@state.gov,20336,2nd Floor,San Jose,CA,11,25,0,413
Maryjo,Broadbridge,mbroadbridgeaj@pcworld.com,70250,Apt 1910,Erie,PA,40,19,1,734
Anne-marie,Bayless,abaylessak@noaa.gov,74426,Room 391,Huntington,WV,42,34,0,329
Eadie,Skuce,eskuceal@vistaprint.com,71049,Suite 3,Watertown,MA,5,80,1,502
Cecelia,Dunkerk,cdunkerkam@gov.uk,11018,Room 465,Fort Lauderdale,FL,7,39,0,940
Codie,Presland,cpreslandan@hc360.com,15808,Suite 82,Myrtle Beach,SC,10,30,1,71
Agace,Bracegirdle,abracegirdleao@cnbc.com,82724,Room 1175,Dayton,OH,33,32,1,395
Orbadiah,Rayman,oraymanap@weebly.com,42473,Apt 197,New York City,NY,28,38,0,770
Davy,Domleo,ddomleoaq@sina.com.cn,32157,PO Box 13987,Tucson,AZ,13,7,0,363
Paulo,Durbann,pdurbannar@msn.com,50985,Apt 1919,Atlanta,GA,39,15,1,632
Charleen,Gibberd,cgibberdas@diigo.com,66075,6th Floor,Salt Lake City,UT,22,12,1,832
Shandy,Boother,sbootherat@bloglines.com,32205,Suite 26,Lehigh Acres,FL,31,95,1,727
Joane,Conkling,jconklingau@homestead.com,52124,Room 222,Flint,MI,34,40,1,623
Glenn,Jonah,gjonahav@barnesandnoble.com,63110,Room 734,Washington,DC,34,91,1,984
Rossy,Mariotte,rmariotteaw@state.tx.us,42458,Suite 12,Tallahassee,FL,40,97,1,71
Carmine,Gresham,cgreshamax@squarespace.com,53965,4th Floor,Mesa,AZ,19,53,1,811
Davidson,Fetters,dfettersay@bluehost.com,51204,Suite 37,Charleston,SC,31,96,0,555
Ferris,Kineton,fkinetonaz@a8.net,69982,14th Floor,Sioux Falls,SD,40,68,1,30
Mike,Skipsea,mskipseab0@admin.ch,30222,Room 952,Memphis,TN,6,63,0,400
Delbert,Leall,dleallb1@squarespace.com,62992,Room 1731,Fort Wayne,IN,25,74,1,172
Rosemary,Leibold,rleiboldb2@friendfeed.com,72930,PO Box 74829,Boston,MA,9,60,1,242
Connie,Gianotti,cgianottib3@bloglines.com,34309,PO Box 50273,Phoenix,AZ,24,5,0,900
Marshal,Sooper,msooperb4@loc.gov,97584,PO Box 70531,New York City,NY,34,14,1,661
Cal,Dyne,cdyneb5@qq.com,73098,PO Box 26760,Topeka,KS,26,76,1,465
Hughie,Aronin,haroninb6@hugedomains.com,32616,PO Box 18622,Los Angeles,CA,6,6,1,810
Karilynn,Beat,kbeatb7@cbc.ca,76229,Suite 9,Houston,TX,13,35,1,908
Philippe,Vallentine,pvallentineb8@sakura.ne.jp,13412,PO Box 46260,Montgomery,AL,6,29,1,142
Winnie,Raimbauld,wraimbauldb9@ask.com,29636,Apt 1802,Annapolis,MD,6,88,0,828
Brooke,Gash,bgashba@weather.com,78243,Apt 106,Chicago,IL,11,71,0,233
Cele,Borrett,cborrettbb@free.fr,58349,Suite 73,Atlanta,GA,50,70,0,747
Ann-marie,Garoghan,agaroghanbc@ca.gov,98478,Room 975,Lakewood,WA,49,98,0,962
Andie,Dallicoat,adallicoatbd@google.it,31608,Suite 33,New Orleans,LA,12,76,1,947
Den,Caso,dcasobe@nydailynews.com,50410,2nd Floor,Lubbock,TX,8,36,0,574
Isacco,Babidge,ibabidgebf@over-blog.com,54534,Suite 12,Macon,GA,49,3,0,322
Scarlett,Werlock,swerlockbg@army.mil,93317,PO Box 22342,Cleveland,OH,44,50,0,404
Jo-anne,Druitt,jdruittbh@xing.com,28976,Apt 1617,Minneapolis,MN,14,94,0,347
Ardath,Perham,aperhambi@reddit.com,75236,Room 209,Cumming,GA,11,41,1,871
Zondra,Faughey,zfaugheybj@e-recht24.de,45597,Room 509,Houston,TX,49,75,0,390
Kelley,Egle,keglebk@hugedomains.com,59437,Suite 67,Milwaukee,WI,42,37,1,453
Timothee,Matoshin,tmatoshinbl@squidoo.com,33396,Room 264,Charlottesville,VA,7,50,0,530
Rod,Gregoletti,rgregolettibm@fastcompany.com,24890,Apt 1946,Anchorage,AK,28,95,0,112
Manolo,Englefield,menglefieldbn@newsvine.com,93480,14th Floor,Bethlehem,PA,22,4,1,934
Lemmie,Frantz,lfrantzbo@mtv.com,73513,PO Box 20137,Inglewood,CA,23,97,0,742
Abigael,Biskupski,abiskupskibp@oakley.com,55611,12th Floor,Fort Worth,TX,16,83,1,389
Becka,Aldus,baldusbq@vk.com,69487,Suite 13,Oklahoma City,OK,15,68,1,511
Randene,Rocca,rroccabr@epa.gov,50122,15th Floor,Saint Cloud,MN,36,9,0,739
Torey,Symes,tsymesbs@google.com,38791,Apt 366,Oceanside,CA,42,53,1,895
Arty,Scala,ascalabt@ucoz.com,32631,Suite 94,Miami,FL,22,62,0,374
Barby,Gerwood,bgerwoodbu@thetimes.co.uk,67496,Suite 85,Schenectady,NY,21,92,0,331
Benedikt,Cholmondeley,bcholmondeleybv@mozilla.org,50584,Suite 14,Valdosta,GA,42,80,0,382
Demeter,Foucher,dfoucherbw@stumbleupon.com,50599,Room 1886,Orlando,FL,42,39,1,779
Caron,Conkay,cconkaybx@amazon.com,80643,4th Floor,Mesa,AZ,12,88,0,217
Averell,Baudacci,abaudacciby@rambler.ru,43283,Apt 1216,Baton Rouge,LA,13,40,0,900
Torey,Manie,tmaniebz@bing.com,23599,Apt 491,Washington,DC,45,63,0,381
Khalil,Walpole,kwalpolec0@latimes.com,89722,8th Floor,Memphis,TN,45,9,0,438
Broddy,O'Loinn,boloinnc1@eventbrite.com,42857,8th Floor,Pasadena,CA,32,17,1,954
Carny,Quinnet,cquinnetc2@naver.com,12846,Apt 560,Saint Paul,MN,17,55,0,627
Yvon,Rumming,yrummingc3@addthis.com,57198,17th Floor,Tulsa,OK,18,94,1,110
Wilone,Woof,wwoofc4@g.co,55160,14th Floor,Fort Lauderdale,FL,10,66,0,586
Claus,Tartt,ctarttc5@smh.com.au,51283,13th Floor,Houston,TX,38,55,1,667
Frasquito,Muggeridge,fmuggeridgec6@squidoo.com,74493,PO Box 36177,Memphis,TN,11,92,1,935
Meredith,Romney,mromneyc7@comsenz.com,31720,PO Box 79750,Wilmington,DE,6,55,0,83
Layla,Silversmid,lsilversmidc8@booking.com,50505,19th Floor,North Hollywood,CA,37,19,0,962
Maris,Brookbank,mbrookbankc9@ow.ly,31701,6th Floor,Brea,CA,29,25,0,677
Francis,Cust,fcustca@macromedia.com,22055,Suite 92,Monticello,MN,43,31,0,563
Brooke,Sutherby,bsutherbycb@ameblo.jp,42495,Apt 1049,Fargo,ND,48,26,0,614
Prince,Finn,pfinncc@pcworld.com,87842,Suite 33,Berkeley,CA,31,43,0,612
Gale,McCoughan,gmccoughancd@cam.ac.uk,73647,6th Floor,Wilkes Barre,PA,25,5,1,67
Haze,Denniss,hdennissce@delicious.com,61808,Suite 13,Houston,TX,11,81,1,309
Maynard,Ferreli,mferrelicf@theatlantic.com,86639,Room 256,Chicago,IL,47,91,1,483
Silvana,Daws,sdawscg@usa.gov,43238,Suite 22,New Orleans,LA,41,15,0,592
Skelly,Endon,sendonch@businessinsider.com,18926,PO Box 70364,Metairie,LA,8,87,0,984
Jenda,Bulward,jbulwardci@bravesites.com,56422,Apt 17,Evansville,IN,33,20,0,21
Willey,Harryman,wharrymancj@wikispaces.com,35652,Apt 525,Pomona,CA,50,40,0,193
Hervey,Tendahl,htendahlck@alibaba.com,20396,Suite 32,Toledo,OH,36,98,1,608
Janaye,Gorwood,jgorwoodcl@ifeng.com,42005,Suite 11,Chicago,IL,38,37,0,692
Molly,Bertholin,mbertholincm@walmart.com,25679,PO Box 42278,Austin,TX,25,60,1,353
Merna,Atcock,matcockcn@liveinternet.ru,49266,13th Floor,Mobile,AL,14,11,0,313
Jess,Stoyell,jstoyellco@elpais.com,83643,PO Box 69959,Palo Alto,CA,39,80,1,217
Rosemarie,McMoyer,rmcmoyercp@domainmarket.com,83377,PO Box 56029,Spokane,WA,35,60,1,571
Craggie,Matthensen,cmatthensencq@google.es,85169,Apt 1455,Lubbock,TX,28,1,0,990
Brett,Quadri,bquadricr@nba.com,81321,Suite 3,Plano,TX,16,91,0,231
Maddalena,Aujouanet,maujouanetcs@bluehost.com,34747,5th Floor,El Paso,TX,21,65,0,398
Karlotte,Sunnex,ksunnexct@usgs.gov,64785,Apt 115,San Diego,CA,41,75,0,758
Darrelle,Bwye,dbwyecu@bloomberg.com,18820,Room 1991,Waltham,MA,35,7,0,406
Brandyn,Finnemore,bfinnemorecv@comsenz.com,82181,6th Floor,Minneapolis,MN,7,21,1,594
Dulcinea,Dayborne,ddaybornecw@ameblo.jp,52695,Suite 57,Englewood,CO,27,47,0,593
Loleta,Mollin,lmollincx@opensource.org,42848,Apt 1787,Mountain View,CA,16,57,1,915
Madelina,Lindup,mlindupcy@github.io,42931,4th Floor,Austin,TX,36,93,1,816
Kassey,MacAnellye,kmacanellyecz@bluehost.com,21563,16th Floor,Birmingham,AL,42,40,0,175
Rosabella,Craigs,rcraigsd0@earthlink.net,55881,PO Box 4989,Stockton,CA,32,87,0,75
Brunhilda,Goulston,bgoulstond1@xrea.com,27411,Suite 63,Portland,OR,35,69,0,355
Boigie,Salters,bsaltersd2@pagesperso-orange.fr,17247,1st Floor,El Paso,TX,8,62,1,937
Virginie,Ivanishin,vivanishind3@gizmodo.com,55121,Suite 33,Nashville,TN,29,41,0,688
Ilse,Besse,ibessed4@boston.com,74089,PO Box 69554,Corpus Christi,TX,17,86,1,3
Budd,Syson,bsysond5@cam.ac.uk,87165,Suite 48,Phoenix,AZ,49,67,0,65
Allegra,Wayon,awayond6@ed.gov,41132,Room 374,Saint Petersburg,FL,25,96,1,297
Margalo,Swannie,mswannied7@quantcast.com,20536,Suite 65,Cumming,GA,8,90,0,287
Brandtr,MacNaughton,bmacnaughtond8@twitter.com,66419,Room 1048,Memphis,TN,34,79,1,297
Blisse,Poytress,bpoytressd9@google.pl,77791,Suite 28,Roanoke,VA,20,62,0,788
Raf,Burney,rburneyda@tripadvisor.com,23686,Suite 16,Cincinnati,OH,47,46,0,254
Desmund,Torritti,dtorrittidb@dell.com,43947,Room 1955,Dallas,TX,21,37,1,861
Winifield,Moral,wmoraldc@slashdot.org,32014,19th Floor,Roanoke,VA,27,43,0,197
Kandace,Eliff,keliffdd@go.com,20173,Room 586,Davenport,IA,34,46,0,95
Babara,Debrick,bdebrickde@merriam-webster.com,82341,Room 1366,Albany,NY,25,31,1,232
Leland,Greasty,lgreastydf@fc2.com,75144,Apt 346,Bridgeport,CT,5,72,1,201
Armando,Cabrales,acabralesdg@wix.com,91599,Apt 1029,Spring Hill,FL,39,91,1,224
Noreen,Novotne,nnovotnedh@examiner.com,20603,PO Box 57474,Brooklyn,NY,40,56,1,681
Elisabeth,Gever,egeverdi@nymag.com,15482,Suite 58,Vero Beach,FL,27,56,1,829
Alberta,Lening,aleningdj@google.com.br,99568,Suite 22,Atlanta,GA,48,16,0,882
Zara,Quilleash,zquilleashdk@virginia.edu,19982,Suite 93,Dallas,TX,25,77,0,53
Aggy,Yglesia,ayglesiadl@time.com,93991,Suite 23,Topeka,KS,31,18,0,503
Richie,Meredith,rmeredithdm@tinypic.com,46871,Suite 86,Lancaster,CA,7,35,1,256
Cecil,Kineton,ckinetondn@yellowbook.com,78122,Apt 369,Knoxville,TN,45,38,1,138
Forster,Marian,fmariando@webnode.com,87033,Suite 41,Oakland,CA,23,87,1,518
Tawsha,Robic,trobicdp@auda.org.au,96291,Apt 533,Anchorage,AK,27,74,1,801
Theodoric,Depke,tdepkedq@posterous.com,67749,PO Box 68786,Reno,NV,7,35,1,702
Daffie,Smallpeice,dsmallpeicedr@ox.ac.uk,38412,PO Box 53653,Greensboro,NC,37,43,0,955
Wrennie,Dove,wdoveds@google.com.au,90965,19th Floor,Dayton,OH,44,25,1,641
Korrie,Krolle,kkrolledt@spotify.com,48953,19th Floor,Springfield,MA,42,0,0,475
Rossy,Bjerkan,rbjerkandu@guardian.co.uk,40516,Suite 93,Santa Ana,CA,43,31,0,106
Isabelle,Sturges,isturgesdv@sphinn.com,16860,7th Floor,Alexandria,VA,6,52,0,910
Teddy,Matyushenko,tmatyushenkodw@geocities.jp,43400,Suite 90,Columbus,OH,50,58,0,253
Euphemia,Flewan,eflewandx@mac.com,17892,PO Box 94102,Seattle,WA,26,13,0,839
Meredith,Scrooby,mscroobydy@mac.com,89747,Room 587,Harrisburg,PA,37,80,0,243
Lizabeth,Volcker,lvolckerdz@hugedomains.com,69391,Room 963,Washington,DC,38,31,0,96
Juditha,Beever,jbeevere0@qq.com,25386,Suite 90,Silver Spring,MD,28,60,0,913
Jaimie,Jeyes,jjeyese1@mayoclinic.com,95783,PO Box 31360,Atlanta,GA,30,3,0,445
Koressa,De Matteis,kdematteise2@eventbrite.com,48486,Room 560,Austin,TX,6,52,1,356
Arlie,Yesenev,ayeseneve3@elpais.com,15430,Room 647,Rochester,NY,45,78,0,816
Lemar,Skerritt,lskerritte4@hugedomains.com,27242,Suite 48,Lexington,KY,48,57,1,835
Tristan,Sachno,tsachnoe5@google.fr,73132,Apt 1901,Philadelphia,PA,19,54,0,90
Westbrooke,Bottleson,wbottlesone6@canalblog.com,58640,Apt 543,Galveston,TX,21,68,0,726
Bar,Zealey,bzealeye7@de.vu,69376,Apt 723,Waco,TX,11,78,1,517
Ileane,Pomfrett,ipomfrette8@icio.us,95119,Apt 1255,Atlanta,GA,37,93,0,320
Jacquetta,Westcott,jwestcotte9@chicagotribune.com,34125,PO Box 57642,Duluth,MN,27,23,0,658
Beaufort,Patroni,bpatroniea@chicagotribune.com,46191,Room 1424,Alexandria,LA,47,93,1,404
Thadeus,Dadge,tdadgeeb@cnbc.com,17913,PO Box 43253,Colorado Springs,CO,31,30,0,812
Tracy,Simoens,tsimoensec@mit.edu,61629,Apt 1117,Miami,FL,25,96,1,198
Sybilla,Beals,sbealsed@amazon.co.jp,26911,PO Box 83812,Rochester,NY,16,24,0,838
Chickie,Meneur,cmeneuree@adobe.com,42562,Apt 49,Fresno,CA,33,33,1,756
Griff,Face,gfaceef@unc.edu,19742,Apt 263,Tucson,AZ,7,92,0,387
Clevie,Caen,ccaeneg@ow.ly,49144,20th Floor,Memphis,TN,32,56,1,411
Durward,Sawkins,dsawkinseh@ft.com,67708,10th Floor,Myrtle Beach,SC,48,82,0,546
Jeffy,Lamberto,jlambertoei@microsoft.com,42418,Apt 1481,San Francisco,CA,43,34,0,727
Vinnie,Poland,vpolandej@seesaa.net,94133,Apt 190,San Francisco,CA,24,54,0,504
Amery,Bussen,abussenek@usa.gov,64053,14th Floor,Peoria,IL,47,53,0,440
Leonard,Cupper,lcupperel@sina.com.cn,81542,18th Floor,Detroit,MI,21,60,1,463
Laurens,MacAllister,lmacallisterem@wikimedia.org,38932,16th Floor,Irvine,CA,46,63,1,27
Ebonee,Parramore,eparramoreen@slate.com,97756,Suite 90,Portland,OR,9,98,1,919
Donna,Renard,drenardeo@arizona.edu,57865,9th Floor,Indianapolis,IN,19,70,0,514
Rosanna,Kilalea,rkilaleaep@digg.com,12791,Apt 1506,Greensboro,NC,28,1,0,404
Dougie,Burkwood,dburkwoodeq@ifeng.com,72882,Apt 1180,Pittsburgh,PA,40,2,0,568
Natale,Garlicke,ngarlickeer@stanford.edu,88034,PO Box 92106,Miami,FL,6,0,1,756
Hamnet,Dods,hdodses@free.fr,64999,Suite 51,Charlotte,NC,36,43,0,437
Rosaline,Blenkiron,rblenkironet@economist.com,33052,Apt 1761,Columbus,OH,43,45,1,234
Harlie,Forsbey,hforsbeyeu@prlog.org,41370,Apt 1208,Portland,OR,29,88,0,509
Charo,Lisciardelli,clisciardelliev@t-online.de,36001,Room 659,Philadelphia,PA,17,52,1,661
Beilul,Brodbin,bbrodbinew@webmd.com,30329,6th Floor,Richmond,VA,24,16,1,899
Jobyna,Portugal,jportugalex@princeton.edu,94768,17th Floor,Spokane,WA,49,63,1,513
Philippa,Pietri,ppietriey@hostgator.com,23516,7th Floor,Lincoln,NE,33,88,1,810
Delila,Mascall,dmascallez@spotify.com,90269,Room 1959,Chula Vista,CA,28,53,1,31
Alecia,Cianelli,acianellif0@omniture.com,81513,Room 787,Dallas,TX,25,13,0,724
Chloette,Kebell,ckebellf1@acquirethisname.com,67023,Apt 828,Washington,DC,22,46,0,615
Idell,Scotchmore,iscotchmoref2@toplist.cz,36829,Apt 1742,Indianapolis,IN,20,26,1,327
Frayda,Caudell,fcaudellf3@globo.com,36222,PO Box 5681,Washington,DC,47,73,0,46
Tasia,Hanwright,thanwrightf4@blogspot.com,37808,PO Box 44447,San Antonio,TX,18,78,1,446
Angelia,Meric,americf5@hugedomains.com,92370,12th Floor,Norwalk,CT,38,35,0,874
Randolf,Udden,ruddenf6@tamu.edu,51461,Suite 52,Sacramento,CA,7,56,1,744
Blakelee,Lavigne,blavignef7@tmall.com,15636,3rd Floor,Roanoke,VA,22,89,0,289
Bradan,Baszniak,bbaszniakf8@tamu.edu,69590,Apt 329,Atlanta,GA,31,27,1,610
Cordula,Hyams,chyamsf9@shutterfly.com,98856,Suite 99,Springfield,IL,7,51,1,328
Loni,Libby,llibbyfa@pinterest.com,13552,Apt 923,Birmingham,AL,11,56,1,940
Laurie,Geistmann,lgeistmannfb@is.gd,71583,PO Box 4850,Des Moines,IA,26,2,0,875
Lenard,Derrick,lderrickfc@mayoclinic.com,99106,Room 950,San Francisco,CA,37,3,0,646
Christos,Pascall,cpascallfd@purevolume.com,18026,PO Box 90510,Honolulu,HI,44,17,0,681
Dorree,Impey,dimpeyfe@desdev.cn,31531,Suite 4,Washington,DC,26,35,1,528
Gwendolyn,Beddingham,gbeddinghamff@vk.com,31122,PO Box 88085,Denver,CO,21,28,0,887
Chastity,Sadlier,csadlierfg@parallels.com,38748,20th Floor,Long Beach,CA,21,44,1,319
Papageno,Scurry,pscurryfh@home.pl,85766,Suite 43,Tyler,TX,37,90,1,899
Pren,Berthon,pberthonfi@forbes.com,70712,Room 229,Jackson,MS,11,19,0,131
Ursulina,Dermott,udermottfj@flickr.com,33974,5th Floor,Modesto,CA,17,82,1,969
Simmonds,Ogdahl,sogdahlfk@noaa.gov,80002,Room 1213,Chicago,IL,17,33,0,379
Jacklyn,Landells,jlandellsfl@intel.com,58207,Suite 28,Lima,OH,7,91,0,689
Reynard,Tyrer,rtyrerfm@dailymail.co.uk,78296,Suite 57,Louisville,KY,35,11,0,878
Janifer,Foggarty,jfoggartyfn@ustream.tv,26077,PO Box 79602,Nashville,TN,35,78,1,434
Nathalia,Laity,nlaityfo@sphinn.com,63139,Suite 98,Baltimore,MD,30,1,0,257
Deane,Farnsworth,dfarnsworthfp@freewebs.com,52166,Suite 54,Miami,FL,25,16,1,80
Denny,Van Eeden,dvaneedenfq@earthlink.net,66879,10th Floor,Atlanta,GA,31,77,0,601
Gweneth,Nerval,gnervalfr@soup.io,94073,Apt 364,Miami,FL,44,84,0,490
Arch,Birrell,abirrellfs@ustream.tv,61068,Room 48,Oklahoma City,OK,50,24,0,224
Clarice,Treker,ctrekerft@uiuc.edu,38649,Apt 512,Cincinnati,OH,38,49,0,27
Birdie,Shirley,bshirleyfu@google.co.uk,30635,Suite 37,Buffalo,NY,34,4,1,109
Dallon,Suttling,dsuttlingfv@google.it,49872,PO Box 86383,Trenton,NJ,35,84,1,250
Ethelyn,Bondesen,ebondesenfw@admin.ch,50876,Apt 60,Rockford,IL,6,87,0,939
Freda,Elsey,felseyfx@privacy.gov.au,74177,Room 1641,Irvine,CA,34,86,1,598
Angel,Trembath,atrembathfy@mapquest.com,22667,17th Floor,Richmond,VA,36,53,1,943
Nanete,O'Fogerty,nofogertyfz@soundcloud.com,40119,Room 297,South Bend,IN,29,84,0,386
Filbert,Sarfass,fsarfassg0@gmpg.org,67009,Room 1450,Las Cruces,NM,16,18,0,638
Norma,Record,nrecordg1@geocities.com,54114,Suite 60,Phoenix,AZ,24,60,1,914
Leah,Petriello,lpetriellog2@imgur.com,15739,Suite 91,Pompano Beach,FL,49,57,0,204
Devy,Marshman,dmarshmang3@surveymonkey.com,90901,Suite 17,Albuquerque,NM,7,67,0,127
Brandais,Hawkswood,bhawkswoodg4@ox.ac.uk,53248,Suite 18,Jacksonville,FL,9,33,0,284
Killie,Lewcock,klewcockg5@buzzfeed.com,57130,PO Box 32272,Sacramento,CA,40,21,1,685
Coreen,O'Codihie,cocodihieg6@boston.com,38832,PO Box 10990,Pittsburgh,PA,44,47,1,146
Agnola,Sinnatt,asinnattg7@plala.or.jp,82460,Suite 1,Richmond,VA,38,20,0,273
Hersh,Fenelon,hfenelong8@google.it,55043,PO Box 49739,Pasadena,CA,43,54,0,42
Cecile,Algate,calgateg9@samsung.com,70500,Apt 1750,Fort Lauderdale,FL,15,74,1,873
Hermann,Dengate,hdengatega@loc.gov,30411,Apt 1401,Los Angeles,CA,27,0,0,290
Lay,Worsham,lworshamgb@hud.gov,97974,Room 1075,Houston,TX,47,88,0,991
Harbert,Golding,hgoldinggc@ucla.edu,92998,PO Box 57530,Cincinnati,OH,33,12,0,689
Peterus,Crampin,pcrampingd@taobao.com,86663,Suite 8,Melbourne,FL,7,68,1,387
Howard,Abeles,habelesge@trellian.com,85066,Room 682,Pittsburgh,PA,7,84,1,413
Salim,Redmayne,sredmaynegf@cdbaby.com,29946,2nd Floor,Moreno Valley,CA,7,95,1,26
Joseph,Galloway,jgallowaygg@delicious.com,45961,PO Box 92448,Corona,CA,11,84,0,233
Malena,Terzza,mterzzagh@freewebs.com,99871,Suite 57,Arlington,VA,40,72,0,365
Julius,Tussaine,jtussainegi@home.pl,85204,18th Floor,Fort Lauderdale,FL,20,25,1,996
Agnesse,Maber,amabergj@people.com.cn,76059,Suite 42,Fresno,CA,21,30,1,189
Evania,O'Connor,eoconnorgk@nasa.gov,38075,Room 1386,Palmdale,CA,19,74,0,201
Bealle,Hudspeth,bhudspethgl@vk.com,44260,13th Floor,Topeka,KS,22,58,1,917
Homerus,Gellately,hgellatelygm@wix.com,90594,Apt 720,Hartford,CT,40,73,0,129
Frannie,Bradie,fbradiegn@wordpress.com,84536,5th Floor,Toledo,OH,5,71,1,553
Karlotte,Canty,kcantygo@fotki.com,60028,18th Floor,Seattle,WA,37,72,0,354
Ingelbert,de Mullett,idemullettgp@wp.com,99552,Apt 221,Austin,TX,46,27,0,993
Monte,Abrahami,mabrahamigq@scribd.com,51577,Suite 70,Panama City,FL,42,80,0,633
Cori,Kinsella,ckinsellagr@over-blog.com,19878,Apt 211,El Paso,TX,47,81,1,573
Lowell,Brewitt,lbrewittgs@ucla.edu,52003,Suite 26,Cincinnati,OH,43,4,0,471
Fredi,Durand,fdurandgt@nifty.com,97223,PO Box 51525,Arlington,VA,41,45,0,356
Guilbert,Althrop,galthropgu@etsy.com,38678,Room 329,Clearwater,FL,22,82,0,491
Therine,Hunstone,thunstonegv@prlog.org,27494,19th Floor,Salem,OR,48,74,0,637
Barn,Crollman,bcrollmangw@phpbb.com,99791,Suite 98,Minneapolis,MN,42,48,0,719
Orelie,Ben-Aharon,obenaharongx@ifeng.com,85220,Suite 76,Baltimore,MD,29,61,0,135
Worthy,Lorkin,wlorkingy@time.com,42775,PO Box 55460,Tyler,TX,46,93,0,669
Doris,Camden,dcamdengz@ucsd.edu,33595,Apt 532,Muskegon,MI,41,45,0,80
Emelina,Pittet,epitteth0@exblog.jp,18601,Room 160,San Jose,CA,33,29,1,101
Marsh,Nornasell,mnornasellh1@hhs.gov,30762,PO Box 9206,Boston,MA,38,63,0,672
Jillene,Skpsey,jskpseyh2@independent.co.uk,68315,Suite 96,Oklahoma City,OK,13,55,0,574
Del,Dell Casa,ddellcasah3@cafepress.com,95477,PO Box 63578,New Orleans,LA,42,91,1,883
Carlyn,ducarme,cducarmeh4@jimdo.com,73785,PO Box 60758,Buffalo,NY,26,11,1,99
Margeaux,Spyby,mspybyh5@fastcompany.com,97438,Room 1952,Las Vegas,NV,34,69,0,239
Cad,Kierans,ckieransh6@shareasale.com,20845,Room 378,Des Moines,IA,50,88,1,266
Zarla,Wethered,zwetheredh7@epa.gov,40166,Suite 44,Pocatello,ID,18,20,1,6
Chadd,Krabbe,ckrabbeh8@flavors.me,18748,Room 409,Charleston,WV,46,8,1,233
Ricky,Moorhouse,rmoorhouseh9@va.gov,83757,Apt 807,Alexandria,VA,42,87,1,899
Doretta,Kale,dkaleha@globo.com,95560,PO Box 93234,Bakersfield,CA,42,29,1,496
Leslie,Edgeller,ledgellerhb@plala.or.jp,53319,PO Box 66679,Charlotte,NC,5,45,0,822
Artair,Wickling,awicklinghc@cbc.ca,50018,PO Box 784,Washington,DC,18,37,1,931
Ford,Broe,fbroehd@yelp.com,82925,PO Box 44218,Cincinnati,OH,28,84,0,54
Rosemary,Keeri,rkeerihe@who.int,40974,PO Box 11392,Orlando,FL,48,20,1,825
Hester,Northedge,hnorthedgehf@wisc.edu,33110,Apt 195,Lafayette,LA,26,30,1,741
Lyndsay,Wanell,lwanellhg@deliciousdays.com,58904,PO Box 90930,Bronx,NY,13,60,1,667
Dilly,De Leek,ddeleekhh@nydailynews.com,65367,Apt 229,Panama City,FL,21,58,0,620
Verne,Comar,vcomarhi@multiply.com,55744,Apt 1201,Houston,TX,43,34,1,831
Winston,Archard,warchardhj@tripadvisor.com,99314,Apt 1344,Orlando,FL,7,53,0,472
Taite,Wenzel,twenzelhk@state.gov,10949,Room 1492,Shawnee Mission,KS,43,17,0,863
Karlee,McKissack,kmckissackhl@techcrunch.com,86406,11th Floor,Norcross,GA,48,55,1,6
Sissie,Flecknell,sflecknellhm@statcounter.com,42523,Room 31,Dallas,TX,45,57,1,74
Kyla,Hoopper,khoopperhn@abc.net.au,25298,Apt 48,Vienna,VA,35,62,1,780
Emilia,Fucher,efucherho@hp.com,93200,3rd Floor,Youngstown,OH,15,57,0,101
Eilis,Ponde,epondehp@msn.com,64490,6th Floor,Anaheim,CA,48,12,1,341
Jacki,Valentin,jvalentinhq@msn.com,35967,Apt 374,Wichita,KS,33,15,1,401
Anna-maria,Spratley,aspratleyhr@ocn.ne.jp,14901,Apt 1734,Beaufort,SC,8,34,1,332
Tymon,Scoggins,tscogginshs@cnn.com,21890,19th Floor,San Mateo,CA,26,9,1,591
Bunny,McGillivray,bmcgillivrayht@admin.ch,48100,Room 808,New York City,NY,13,51,1,571
Rosalind,Wickenden,rwickendenhu@netvibes.com,72688,PO Box 39458,Knoxville,TN,27,21,0,820
Egon,Nasi,enasihv@shinystat.com,69362,PO Box 57706,Long Beach,CA,31,90,0,252
Roseanna,Twelvetree,rtwelvetreehw@theguardian.com,89226,PO Box 84264,Louisville,KY,38,65,0,951
Jenn,Ryce,jrycehx@apple.com,70087,1st Floor,New York City,NY,50,41,0,932
Ivor,Candlish,icandlishhy@infoseek.co.jp,46364,Apt 1175,Kansas City,MO,21,19,1,906
Jules,Fosdyke,jfosdykehz@xing.com,47803,Room 405,San Diego,CA,33,73,0,692
Meier,Bartaloni,mbartalonii0@comsenz.com,47614,Room 273,Los Angeles,CA,23,8,0,903
Chrystel,California,ccaliforniai1@weebly.com,97658,Suite 44,Honolulu,HI,18,69,1,690
Dick,Gilffillan,dgilffillani2@forbes.com,49166,18th Floor,Wilmington,DE,35,49,1,660
Barbara-anne,Horsell,bhorselli3@gravatar.com,18351,6th Floor,Zephyrhills,FL,41,43,1,938
Justino,Sandeson,jsandesoni4@apache.org,12552,Room 1929,Fort Worth,TX,14,0,0,775
Itch,Lent,ilenti5@fotki.com,94111,11th Floor,Evanston,IL,30,51,0,737
Jaquenetta,Dornin,jdornini6@blog.com,99370,PO Box 71328,Sacramento,CA,35,37,1,775
Violante,Caso,vcasoi7@netvibes.com,41217,PO Box 97682,Chicago,IL,45,45,1,46
Tab,Wason,twasoni8@sakura.ne.jp,86101,Suite 100,Macon,GA,48,75,1,489
Juliane,Flade,jfladei9@yellowbook.com,27172,PO Box 1661,West Palm Beach,FL,18,62,0,152
Constantina,Donneely,cdonneelyia@mozilla.org,20819,20th Floor,Savannah,GA,33,34,1,796
Nil,Peckitt,npeckittib@elegantthemes.com,79602,PO Box 53424,Boston,MA,39,87,0,169
Dev,Linning,dlinningic@wired.com,14415,Suite 58,Flint,MI,7,37,1,991
Hardy,Cattini,hcattiniid@princeton.edu,41905,Apt 336,Fairfield,CT,35,74,1,369
Zackariah,Kener,zkenerie@yolasite.com,64970,Room 1915,Boise,ID,5,17,1,726
Gordon,Dufton,gduftonif@weather.com,70616,PO Box 41133,Waco,TX,15,90,0,334
Pearl,Toffetto,ptoffettoig@ow.ly,18255,PO Box 34291,Fresno,CA,43,3,1,886
Immanuel,Checchi,ichecchiih@businesswire.com,12265,PO Box 97594,Arlington,TX,18,12,1,454
Nowell,Baukham,nbaukhamii@msu.edu,28406,20th Floor,Houston,TX,33,62,1,148
Ogden,Gundrey,ogundreyij@nhs.uk,62064,1st Floor,New York City,NY,31,32,1,349
Aurea,MacNeely,amacneelyik@hatena.ne.jp,53329,Apt 869,Detroit,MI,49,49,0,118
Erny,Garfath,egarfathil@google.fr,58546,Apt 1019,Sioux Falls,SD,49,4,0,173
Robbie,Ruggles,rrugglesim@youku.com,69579,2nd Floor,Madison,WI,32,57,0,439
Aveline,Jakel,ajakelin@google.ru,27170,Room 354,Fort Lauderdale,FL,40,72,0,281
Daren,Burgett,dburgettio@deliciousdays.com,84523,Apt 938,El Paso,TX,49,71,0,307
Waite,Seeks,wseeksip@chron.com,63328,Apt 648,San Diego,CA,50,8,0,814
Brandy,Whitrod,bwhitrodiq@posterous.com,49524,18th Floor,Phoenix,AZ,10,78,1,468
Berni,Burlingame,bburlingameir@printfriendly.com,72493,Suite 73,Pensacola,FL,19,75,1,852
Chaddie,Balderson,cbaldersonis@jalbum.net,47988,PO Box 11046,El Paso,TX,25,28,1,495
Roxana,Greensall,rgreensallit@nymag.com,31449,Room 1931,Bloomington,IN,28,41,1,364
Vaughn,Refford,vreffordiu@shinystat.com,54022,Apt 91,West Palm Beach,FL,26,41,0,376
Filippa,Craister,fcraisteriv@creativecommons.org,34321,Suite 7,Salinas,CA,16,71,0,675
Ivy,Bates,ibatesiw@people.com.cn,14534,Suite 79,Roanoke,VA,8,89,0,168
Esme,Blaze,eblazeix@slate.com,89976,Suite 64,Santa Ana,CA,31,78,0,570
Ilyse,Mallinar,imallinariy@godaddy.com,74065,Suite 72,Jackson,MS,42,3,0,406
Lydie,Delmage,ldelmageiz@illinois.edu,71160,Apt 746,Dallas,TX,41,55,1,473
Dena,Duckhouse,dduckhousej0@narod.ru,77126,PO Box 34111,North Hollywood,CA,13,65,1,352
Gilberta,Stronge,gstrongej1@abc.net.au,76768,16th Floor,Redwood City,CA,26,44,1,837
Katti,Cleve,kclevej2@archive.org,45556,Room 1350,Austin,TX,17,76,0,702
Griselda,Duesbury,gduesburyj3@paginegialle.it,77543,Room 1573,Valley Forge,PA,5,0,1,282
Timofei,Vanyukov,tvanyukovj4@com.com,21390,Suite 29,Austin,TX,17,92,0,807
Carin,Vedntyev,cvedntyevj5@xinhuanet.com,69219,Apt 1076,Garland,TX,42,24,0,717
Ilario,Jeffreys,ijeffreysj6@clickbank.net,42419,Suite 12,Saint Louis,MO,35,70,1,319
Jaimie,Neild,jneildj7@noaa.gov,85273,PO Box 25382,Kansas City,MO,42,31,0,279
Isaac,Chart,ichartj8@irs.gov,31600,Apt 1664,Seattle,WA,32,51,1,230
Deanne,Ventham,dventhamj9@epa.gov,37378,PO Box 6715,Philadelphia,PA,42,53,0,928
Gifford,Gillino,ggillinoja@mac.com,83427,Room 853,Chesapeake,VA,28,17,1,34
Zitella,Redington,zredingtonjb@latimes.com,76665,PO Box 54865,Hot Springs National Park,AR,7,52,0,527
Merry,Conti,mcontijc@ucoz.com,51172,Room 1692,Syracuse,NY,32,98,1,355
Thatcher,Crowdson,tcrowdsonjd@jugem.jp,93900,Apt 1836,Portland,OR,23,5,0,686
Justina,Steketee,jsteketeeje@woothemes.com,70701,PO Box 57173,Birmingham,AL,43,21,1,651
Cheston,Lavalde,clavaldejf@cyberchimps.com,83838,PO Box 94541,Philadelphia,PA,22,88,1,149
Antonin,Compson,acompsonjg@cbsnews.com,78063,PO Box 67478,Lafayette,IN,5,23,1,964
Dallis,Penkethman,dpenkethmanjh@shop-pro.jp,26112,Suite 25,Young America,MN,31,47,0,810
Wilhelmina,Skamal,wskamalji@seesaa.net,57905,Suite 50,Orlando,FL,46,36,1,462
Kristy,Haug,khaugjj@de.vu,36967,PO Box 14768,Bakersfield,CA,29,70,1,144
Paulette,Bruhke,pbruhkejk@xing.com,12574,Suite 89,Orange,CA,35,5,1,334
Daphne,McCorkindale,dmccorkindalejl@nifty.com,53591,Room 1699,Cincinnati,OH,21,53,1,235
Aeriell,Penswick,apenswickjm@ox.ac.uk,72053,Apt 381,Washington,DC,43,24,0,108
Mia,Courtliff,mcourtliffjn@tinypic.com,99526,Room 1228,Knoxville,TN,28,63,0,417
Cinderella,Caddan,ccaddanjo@ihg.com,44431,Apt 1341,Washington,DC,50,54,0,778
Caresse,Muckloe,cmuckloejp@netvibes.com,84145,5th Floor,Chicago,IL,46,53,1,528
Caroline,Lum,clumjq@cnet.com,24840,Apt 175,Merrifield,VA,44,56,1,118
Ezequiel,Pond,epondjr@sphinn.com,77245,PO Box 46590,Salt Lake City,UT,37,41,1,123
Roxy,Mirando,rmirandojs@slideshare.net,65061,Suite 41,New York City,NY,23,3,1,665
Wren,Beningfield,wbeningfieldjt@nba.com,49260,PO Box 4007,Wichita,KS,17,2,1,824
Olivette,Chaman,ochamanju@google.ru,90327,Suite 87,Philadelphia,PA,32,6,1,129
Alasteir,Klampt,aklamptjv@yelp.com,51778,Suite 90,Tampa,FL,22,33,0,261
Adrian,Askam,aaskamjw@gmpg.org,98938,6th Floor,Charlotte,NC,29,80,0,858
Nyssa,Sansom,nsansomjx@technorati.com,64970,Room 1988,South Bend,IN,7,86,1,778
Othilie,Kidstone,okidstonejy@ebay.com,44535,20th Floor,Amarillo,TX,21,47,1,486
Clerc,Dondon,cdondonjz@dailymotion.com,88204,18th Floor,Buffalo,NY,15,34,0,846
Alphonso,Swinbourne,aswinbournek0@ameblo.jp,98507,Suite 94,Sunnyvale,CA,27,6,0,89
Juline,Adanet,jadanetk1@nationalgeographic.com,83290,Suite 74,Carol Stream,IL,32,44,1,531
Lotti,Paydon,lpaydonk2@imgur.com,51687,PO Box 60820,Omaha,NE,9,45,0,741
Lanni,Smitham,lsmithamk3@netscape.com,46840,Room 1510,New York City,NY,40,44,0,301
Genovera,Geerdts,ggeerdtsk4@bing.com,72030,10th Floor,Davenport,IA,15,48,0,883
Michelina,Toynbee,mtoynbeek5@nbcnews.com,91242,Room 131,Washington,DC,13,49,1,158
Tanitansy,Sangster,tsangsterk6@wikimedia.org,57382,PO Box 43452,Little Rock,AR,6,36,0,952
Cinderella,Beric,cberick7@upenn.edu,50767,PO Box 61870,Cleveland,OH,5,88,1,63
Roze,Saltmarshe,rsaltmarshek8@yellowbook.com,67198,Suite 14,Alpharetta,GA,12,59,0,493
Theresina,Bowfin,tbowfink9@soundcloud.com,73939,Room 1583,Bryan,TX,32,15,1,175
Harmonia,Gieraths,hgierathska@google.de,15063,Suite 44,Wilmington,DE,45,6,1,720
Erwin,Popplewell,epopplewellkb@gizmodo.com,79364,17th Floor,Las Vegas,NV,35,26,0,34
Nerty,McCaughran,nmccaughrankc@berkeley.edu,33102,11th Floor,Arlington,VA,48,26,0,304
Tammy,MacParland,tmacparlandkd@people.com.cn,98368,20th Floor,Garland,TX,24,28,0,209
Drusilla,Pratten,dprattenke@51.la,60969,Apt 209,Albany,NY,15,60,0,579
Lorri,Gaffon,lgaffonkf@gnu.org,90131,Suite 55,Fargo,ND,44,32,0,555
Reeta,Proudlock,rproudlockkg@oracle.com,94520,Apt 200,Pensacola,FL,38,79,1,187
Annadiane,Derrell,aderrellkh@businessweek.com,30928,19th Floor,Lubbock,TX,14,24,1,816
Ripley,O'Deoran,rodeoranki@plala.or.jp,71222,Suite 63,Pittsburgh,PA,5,19,0,750
Roley,Kubasiewicz,rkubasiewiczkj@upenn.edu,91444,1st Floor,Austin,TX,33,90,1,444
Lazar,Broadbere,lbroadberekk@posterous.com,24138,Room 259,Brooklyn,NY,41,55,1,277
Der,Matthisson,dmatthissonkl@behance.net,45413,Suite 58,El Paso,TX,31,32,1,939
Marshal,Abramovitz,mabramovitzkm@chicagotribune.com,12407,PO Box 40685,San Luis Obispo,CA,46,0,0,323
Vitoria,Froud,vfroudkn@plala.or.jp,27692,PO Box 78251,Saint Petersburg,FL,18,53,1,535
Marie-ann,Croux,mcrouxko@friendfeed.com,71916,Suite 42,San Francisco,CA,6,80,1,745
Eden,Danilin,edanilinkp@telegraph.co.uk,77595,Room 1945,Greensboro,NC,11,81,1,720
Yancey,Peffer,ypefferkq@squarespace.com,40137,Apt 1014,Portland,OR,26,74,1,40
Allayne,Reilingen,areilingenkr@fc2.com,86000,PO Box 70879,Washington,DC,29,58,1,150
Padget,Cloney,pcloneyks@sphinn.com,40371,Suite 93,Washington,DC,8,46,1,125
Leontyne,Marwick,lmarwickkt@over-blog.com,43485,10th Floor,Macon,GA,29,81,0,972
Vonny,Derry,vderryku@hao123.com,85016,Suite 35,Phoenix,AZ,29,51,0,224
Ardath,Sicely,asicelykv@tmall.com,19953,Suite 30,Houston,TX,39,18,0,892
Antonie,Molines,amolineskw@wikia.com,80579,Suite 80,Omaha,NE,22,84,0,970
Joela,Handrok,jhandrokkx@umn.edu,55560,PO Box 24656,Birmingham,AL,30,24,1,618
Theodoric,Ruse,truseky@dedecms.com,72970,Suite 91,Springfield,MO,7,6,1,804
Drew,Driver,ddriverkz@tripadvisor.com,53543,Apt 1727,Denver,CO,35,5,1,702
Cazzie,Sydall,csydalll0@imgur.com,52356,10th Floor,Decatur,IL,13,89,0,588
Leo,Pinckard,lpinckardl1@miitbeian.gov.cn,47055,17th Floor,Missoula,MT,18,16,1,659
Albertina,Sumpton,asumptonl2@si.edu,88171,PO Box 2331,Northridge,CA,35,21,0,929
Gweneth,Tejero,gtejerol3@google.com,96281,20th Floor,New York City,NY,5,62,1,293
Jerry,Croose,jcroosel4@bing.com,47266,Room 715,Chicago,IL,25,50,1,293
Marlena,Simukov,msimukovl5@google.fr,31658,Room 811,Chicago,IL,37,95,0,149
Erroll,Wherton,ewhertonl6@com.com,21042,PO Box 64845,Greensboro,NC,33,32,1,212
Griff,Revill,grevilll7@jugem.jp,61303,Apt 384,Sacramento,CA,31,63,1,145
Aundrea,Bradbury,abradburyl8@photobucket.com,61482,PO Box 96144,Washington,DC,13,60,1,309
Nancey,Allchorne,nallchornel9@utexas.edu,14415,15th Floor,Alexandria,VA,44,44,0,367
Kylen,Petran,kpetranla@walmart.com,93656,Apt 1827,Canton,OH,5,10,0,65
Lacie,Krzyzaniak,lkrzyzaniaklb@prnewswire.com,78905,Suite 64,Fresno,CA,44,37,0,281
Hendrika,Healeas,hhealeaslc@cmu.edu,94888,Apt 1092,New York City,NY,7,74,1,395
Jeromy,Caldron,jcaldronld@timesonline.co.uk,75491,3rd Floor,Amarillo,TX,22,96,0,731
Jayne,Roadnight,jroadnightle@sbwire.com,11266,2nd Floor,Springfield,OH,19,14,1,837
Fanny,Vicar,fvicarlf@com.com,41968,3rd Floor,Fort Myers,FL,14,16,1,925
Pietro,Robens,probenslg@unicef.org,59131,Room 1579,Bozeman,MT,47,34,0,499
Olga,Banton,obantonlh@squidoo.com,22739,Apt 979,Honolulu,HI,19,49,1,429
Tait,Davidovitz,tdavidovitzli@xinhuanet.com,81099,PO Box 86203,Charlotte,NC,38,30,0,328
Mervin,Linsey,mlinseylj@cnn.com,10486,Apt 496,Austin,TX,28,41,1,322
Joli,Stonard,jstonardlk@unc.edu,88635,Suite 99,Huntsville,AL,29,89,0,447
Christos,McConville,cmcconvillell@wufoo.com,38458,Room 1080,Milwaukee,WI,32,6,0,759
Aubrey,Rolance,arolancelm@icio.us,98653,13th Floor,Mesa,AZ,14,11,1,182
Florina,Chumley,fchumleyln@globo.com,61993,PO Box 31955,Lake Worth,FL,42,77,1,632
Guillermo,Renne,grennelo@fema.gov,82977,Apt 448,Atlanta,GA,25,19,1,398
Tana,Kerman,tkermanlp@cam.ac.uk,73747,PO Box 32483,Seattle,WA,37,44,0,21
Nate,Braithwaite,nbraithwaitelq@admin.ch,70273,Suite 9,Lafayette,LA,10,13,0,548
Deerdre,Testo,dtestolr@state.tx.us,61201,PO Box 82519,Carol Stream,IL,11,9,0,295
Zarla,Gregan,zgreganls@squidoo.com,83388,Suite 33,Boise,ID,5,69,0,765
Rossie,Antonsson,rantonssonlt@netvibes.com,64300,Room 1008,Greensboro,NC,16,5,0,676
Charo,Rustedge,crustedgelu@tmall.com,99195,Suite 23,Trenton,NJ,16,58,0,35
Glyn,Kirke,gkirkelv@indiatimes.com,91086,PO Box 27179,Anchorage,AK,27,34,0,322
Fidelia,Tomasello,ftomasellolw@symantec.com,37466,Apt 1408,Oklahoma City,OK,38,33,0,338
Kania,Wheatland,kwheatlandlx@nhs.uk,64560,Apt 1637,Philadelphia,PA,27,6,0,979
Rubin,Luty,rlutyly@github.com,86184,Suite 80,El Paso,TX,10,72,1,413
Cacilie,Casebourne,ccasebournelz@storify.com,56181,PO Box 63524,Wichita,KS,28,79,1,363
Stefania,Stephenson,sstephensonm0@webnode.com,20018,3rd Floor,Salem,OR,38,48,1,742
Nevsa,Tulley,ntulleym1@linkedin.com,82821,Apt 9,Worcester,MA,22,82,0,993
Baird,Sellar,bsellarm2@nymag.com,33014,Apt 135,Paterson,NJ,27,36,1,769
Gregorio,Filipczynski,gfilipczynskim3@latimes.com,48154,Suite 79,Richmond,VA,23,68,0,495
Gweneth,Boseley,gboseleym4@theglobeandmail.com,26286,Room 1629,Canton,OH,38,69,0,912
Clementine,Jolly,cjollym5@t.co,76410,Apt 160,Spokane,WA,44,60,1,976
Foster,Feeham,ffeehamm6@ow.ly,17106,Suite 57,Colorado Springs,CO,48,64,1,702
Jennica,Lissaman,jlissamanm7@miibeian.gov.cn,66334,Apt 871,Phoenix,AZ,34,85,1,870
Inger,Ivain,iivainm8@foxnews.com,23729,6th Floor,Columbus,OH,19,84,1,961
Haze,Atley,hatleym9@bbc.co.uk,87577,Room 1881,Naples,FL,44,39,1,629
Pooh,Loomes,ploomesma@cbsnews.com,40867,Apt 486,Shreveport,LA,49,26,1,450
Tate,McGorman,tmcgormanmb@wordpress.org,34534,Room 1617,Miami,FL,5,12,1,656
Conway,Maghull,cmaghullmc@ucoz.com,86612,PO Box 18218,Orange,CA,36,96,0,841
Kearney,Rudeyeard,krudeyeardmd@xrea.com,37469,8th Floor,Las Vegas,NV,13,25,1,199
Arnoldo,Shall,ashallme@linkedin.com,80742,Room 377,Oklahoma City,OK,22,89,0,514
Tedd,Gerault,tgeraultmf@walmart.com,74984,PO Box 82841,Lake Worth,FL,24,11,0,175
Gery,Moy,gmoymg@ask.com,23652,Room 40,Oakland,CA,12,92,1,513
Artemis,Coult,acoultmh@yelp.com,77806,Apt 517,Fort Wayne,IN,14,78,1,572
Bertie,Artin,bartinmi@yale.edu,17909,Suite 91,Greeley,CO,42,41,0,955
Sherwin,Crews,screwsmj@edublogs.org,79097,PO Box 4230,Las Cruces,NM,24,87,1,163
Ceil,Hempel,chempelmk@phoca.cz,49781,PO Box 73071,Palm Bay,FL,40,23,0,218
Giuseppe,Huntall,ghuntallml@pen.io,38470,Suite 77,Ridgely,MD,28,53,1,304
Chantal,Raddenbury,craddenburymm@ustream.tv,75986,PO Box 8004,Helena,MT,22,23,0,306
Isidore,Baylay,ibaylaymn@nifty.com,82337,Room 1482,Long Beach,CA,48,93,1,559
Ralf,Jedrzejczak,rjedrzejczakmo@moonfruit.com,54080,Room 1157,El Paso,TX,12,8,0,56
Jamaal,Stansfield,jstansfieldmp@nih.gov,50521,Suite 18,Washington,DC,38,99,0,391
Ashlee,Tidbold,atidboldmq@paypal.com,70709,10th Floor,Hartford,CT,13,5,1,50
Frederic,Ide,fidemr@ycombinator.com,42941,Apt 1592,Jacksonville,FL,42,57,0,656
Siegfried,Cereceres,scereceresms@freewebs.com,41193,Room 703,Dallas,TX,34,65,0,365
Darleen,Gerok,dgerokmt@artisteer.com,72525,Apt 466,Denver,CO,28,90,1,25
Daphene,Freeth,dfreethmu@homestead.com,75951,Room 650,Lafayette,IN,16,83,0,464
Glennie,Dyment,gdymentmv@constantcontact.com,91046,PO Box 69168,Huntington,WV,31,10,0,303
Graeme,Coultous,gcoultousmw@un.org,13726,PO Box 5164,Fresno,CA,38,93,0,228
Benoite,Trowsdall,btrowsdallmx@cloudflare.com,74637,Suite 25,North Hollywood,CA,21,81,0,133
Kleon,Mangan,kmanganmy@apache.org,51744,PO Box 39115,Irvine,CA,10,96,1,365
Lorilee,Sutch,lsutchmz@wiley.com,32343,16th Floor,Amarillo,TX,18,28,1,716
Ginevra,Bugg,gbuggn0@house.gov,30220,PO Box 4230,Los Angeles,CA,11,88,0,343
Gerard,Dragoe,gdragoen1@toplist.cz,20926,PO Box 49947,Salem,OR,28,57,1,85
Barrie,Hoggin,bhogginn2@amazonaws.com,70166,6th Floor,Tampa,FL,38,36,1,803
Felisha,Gladstone,fgladstonen3@ask.com,89571,PO Box 57085,Escondido,CA,49,89,1,512
Willi,Vardon,wvardonn4@behance.net,43071,PO Box 9683,Rochester,MN,45,26,1,498
Tanny,Piletic,tpileticn5@cdc.gov,81540,3rd Floor,Tempe,AZ,14,57,0,864
Andi,Scibsey,ascibseyn6@umn.edu,70660,Suite 51,White Plains,NY,47,21,1,307
Cammy,Merriday,cmerridayn7@cbslocal.com,65910,3rd Floor,Philadelphia,PA,9,85,1,202
Joleen,Eustice,jeusticen8@oakley.com,36766,15th Floor,Fort Lauderdale,FL,23,92,1,174
Sonja,Kilcullen,skilcullenn9@example.com,25355,Suite 67,Springfield,IL,27,2,1,462
Haily,Kelshaw,hkelshawna@businessinsider.com,98551,PO Box 35236,Madison,WI,5,53,1,372
Roberta,Carren,rcarrennb@jalbum.net,84168,Apt 1584,Raleigh,NC,10,50,1,606
Andris,Wantling,awantlingnc@360.cn,18659,Apt 1168,Fresno,CA,39,0,1,708
Idalia,Frede,ifredend@reddit.com,84219,15th Floor,Charlotte,NC,17,74,1,738
Bastian,Kibble,bkibblene@whitehouse.gov,83708,13th Floor,San Diego,CA,7,93,1,827
Darill,Harroll,dharrollnf@aol.com,50252,13th Floor,Pomona,CA,10,90,0,533
Chickie,Lequeux,clequeuxng@icq.com,55293,Suite 87,Oklahoma City,OK,30,13,0,849
Mahala,Monahan,mmonahannh@newyorker.com,99967,5th Floor,Saint Paul,MN,25,67,0,266
Rocky,Frenzel;,rfrenzelni@naver.com,79778,Suite 53,Fort Wayne,IN,9,67,1,721
Morgana,Gyer,mgyernj@wikia.com,71510,Suite 6,San Jose,CA,25,76,1,65
Hadleigh,Sisland,hsislandnk@scribd.com,34848,Room 1247,Spartanburg,SC,34,23,1,138
Worthington,Illidge,willidgenl@google.co.jp,35313,Suite 19,Milwaukee,WI,43,15,0,8
Alessandro,Kingett,akingettnm@google.com.hk,17454,Apt 730,Richmond,VA,34,48,1,69
Smith,Ohanessian,sohanessiannn@japanpost.jp,82406,PO Box 32581,San Jose,CA,46,17,1,582
Jean,Crown,jcrownno@trellian.com,24009,PO Box 4249,Berkeley,CA,39,93,0,819
Jody,Tranfield,jtranfieldnp@spiegel.de,67047,PO Box 96738,Hartford,CT,13,36,1,483
Wallis,Haquin,whaquinnq@lulu.com,36787,PO Box 63189,Cape Coral,FL,9,56,1,598
Lazarus,Woodthorpe,lwoodthorpenr@digg.com,60472,Suite 69,New York City,NY,37,42,0,985
Ramsey,Kingsly,rkingslyns@cnbc.com,27694,PO Box 5361,Seattle,WA,5,96,1,287
Tad,Buffy,tbuffynt@cyberchimps.com,94828,Suite 80,Evansville,IN,19,54,1,941
Ernst,Mc Combe,emccombenu@163.com,41558,Room 1889,Zephyrhills,FL,48,12,0,414
Blinnie,Kubach,bkubachnv@samsung.com,42141,Suite 35,Boston,MA,23,41,1,284
Adelina,Jeanes,ajeanesnw@google.com,67295,Room 1187,White Plains,NY,23,66,1,253
Clive,Jendrys,cjendrysnx@posterous.com,94226,Room 1962,Minneapolis,MN,38,89,1,124
Frederik,Streight,fstreightny@yandex.ru,12361,Room 1589,Detroit,MI,26,24,1,333
Chick,Blodg,cblodgnz@flickr.com,31976,Suite 51,Newark,NJ,50,39,0,214
Sanson,Gorrick,sgorricko0@e-recht24.de,38193,Suite 20,Ogden,UT,34,10,0,157
Madlen,Deer,mdeero1@myspace.com,60864,PO Box 91283,Jackson,MS,31,33,0,528
Laurice,Bartens,lbartenso2@senate.gov,59681,Suite 62,New Orleans,LA,40,3,0,800
Kendal,Haryngton,kharyngtono3@ifeng.com,71784,10th Floor,New Castle,PA,25,96,0,633
Jerad,Keyse,jkeyseo4@linkedin.com,11967,Apt 825,San Jose,CA,50,55,1,119
Leonard,Coye,lcoyeo5@baidu.com,48615,Room 1090,Salt Lake City,UT,14,64,0,722
Stevena,Chaffer,schaffero6@samsung.com,87023,Apt 623,Sioux City,IA,17,9,0,578
Gustav,O Sullivan,gosullivano7@paginegialle.it,50748,Apt 904,Los Angeles,CA,12,21,1,570
Mayer,Shernock,mshernocko8@dot.gov,91612,Suite 49,Las Vegas,NV,9,73,1,146
Terri-jo,Simonite,tsimoniteo9@ucsd.edu,54591,PO Box 26556,Washington,DC,23,5,1,393
Orelle,Pierce,opierceoa@nationalgeographic.com,74031,Room 152,San Francisco,CA,26,92,0,896
Ted,Webb-Bowen,twebbbowenob@howstuffworks.com,77175,PO Box 72355,Orlando,FL,13,25,1,369
See,Creeber,screeberoc@hibu.com,19222,Room 496,Shawnee Mission,KS,45,52,1,753
Kai,Ganning,kganningod@cpanel.net,36662,Suite 98,Houston,TX,28,94,1,49
Elysia,Worgan,eworganoe@baidu.com,63883,Room 29,Augusta,GA,15,19,1,875
Berthe,Gudge,bgudgeof@hhs.gov,61677,Suite 8,El Paso,TX,47,17,1,466
Sully,Maginn,smaginnog@state.tx.us,17674,Suite 26,Dallas,TX,25,40,0,933
Josephine,Scouler,jscouleroh@si.edu,97684,17th Floor,Santa Ana,CA,43,36,0,251
Ross,Arnaudot,rarnaudotoi@buzzfeed.com,76844,Room 535,Washington,DC,19,89,1,8
Melita,Obispo,mobispooj@google.ca,86657,PO Box 55845,Spokane,WA,36,32,1,676
Wake,Zettler,wzettlerok@google.es,87850,Suite 30,Miami,FL,48,78,0,318
Darcee,Sentance,dsentanceol@cnn.com,60378,Room 1606,Fort Lauderdale,FL,28,96,0,644
Blanche,Fernao,bfernaoom@newsvine.com,53201,PO Box 71914,Montgomery,AL,15,55,0,639
Selig,Dunkerley,sdunkerleyon@reverbnation.com,20434,PO Box 31011,Wichita,KS,9,64,1,109
Ferdie,Manz,fmanzoo@dedecms.com,48974,17th Floor,Virginia Beach,VA,46,87,0,149
Sutherlan,Mannix,smannixop@nationalgeographic.com,89572,4th Floor,Springfield,IL,5,8,0,738
Barnett,Phizaclea,bphizacleaoq@hc360.com,44340,10th Floor,Van Nuys,CA,16,34,1,244
Juliann,Mazillius,jmazilliusor@blogger.com,22789,Room 1319,Anchorage,AK,13,76,0,911
Bryna,Laugherane,blaugheraneos@w3.org,57807,PO Box 12059,Salt Lake City,UT,45,49,1,936
Andree,Klesl,akleslot@ifeng.com,44689,PO Box 95644,El Paso,TX,25,61,1,648
Gilli,Eagles,geaglesou@va.gov,40744,Apt 151,New Haven,CT,26,53,0,804
Yulma,Tolman,ytolmanov@cbsnews.com,45605,Apt 1473,Wilmington,DE,48,92,1,521
Shirley,Buttwell,sbuttwellow@tinypic.com,22889,Room 688,Honolulu,HI,15,63,1,281
Artemas,Sharrem,asharremox@mediafire.com,36122,6th Floor,Garland,TX,13,50,0,655
Aguistin,Cornhill,acornhilloy@weather.com,11528,Suite 71,Austin,TX,33,57,1,553
Margaretha,Massingberd,mmassingberdoz@prnewswire.com,72163,Apt 697,Des Moines,IA,9,44,1,711
Trumaine,Aynold,taynoldp0@samsung.com,45466,17th Floor,Arlington,TX,26,91,1,444
Lexine,Tetla,ltetlap1@examiner.com,58870,Suite 27,Houston,TX,23,68,0,795
Yanaton,Mc Ilory,ymciloryp2@redcross.org,70661,PO Box 91120,New York City,NY,9,55,0,431
Blane,Glamart,bglamartp3@reddit.com,60139,Suite 94,Richmond,VA,23,48,1,163
Shirline,Chapleo,schapleop4@ow.ly,16461,PO Box 91377,Conroe,TX,30,77,1,613
Bryna,Chinge,bchingep5@tumblr.com,78306,Room 536,Little Rock,AR,41,36,0,787
Kirbie,Rosenstengel,krosenstengelp6@time.com,62872,6th Floor,Bronx,NY,22,61,1,647
Blinny,Pumfrett,bpumfrettp7@engadget.com,57653,6th Floor,Fort Lauderdale,FL,25,7,0,809
Jilli,Peinton,jpeintonp8@mapy.cz,88492,Suite 97,Dayton,OH,19,44,0,993
Isabelle,Nursey,inurseyp9@yellowpages.com,41330,Room 1303,Miami,FL,5,75,0,345
Fraser,Trippack,ftrippackpa@tripod.com,14804,8th Floor,Fort Myers,FL,35,43,0,361
Eal,Deelay,edeelaypb@squidoo.com,73048,Suite 9,Shawnee Mission,KS,21,91,1,716
Lu,Dulwitch,ldulwitchpc@1und1.de,17270,PO Box 93579,Schaumburg,IL,50,74,0,78
Stafani,Liston,slistonpd@geocities.com,77010,Suite 57,Saint Louis,MO,5,62,0,267
Delora,Aizikovich,daizikovichpe@surveymonkey.com,48969,8th Floor,Houston,TX,17,22,0,750
Tracy,Standell,tstandellpf@mlb.com,98677,Suite 85,Vancouver,WA,31,64,0,411
Brendin,Taree,btareepg@whitehouse.gov,76810,17th Floor,Mobile,AL,40,64,0,538
Jack,Khidr,jkhidrph@admin.ch,75716,Suite 9,New Hyde Park,NY,12,3,0,773
Emmott,Rodrigues,erodriguespi@t.co,91928,Apt 845,New York City,NY,47,11,0,715
Jethro,Adam,jadampj@google.es,33388,7th Floor,Denver,CO,21,45,0,27
Derick,Roncelli,droncellipk@alexa.com,47144,Apt 1564,Des Moines,IA,35,41,1,182
Olimpia,Joice,ojoicepl@google.ca,23557,PO Box 48239,Brooklyn,NY,32,14,1,307
Tallou,Brotherhed,tbrotherhedpm@bandcamp.com,13645,Suite 72,Monticello,MN,33,24,1,859
Benedikt,Bronger,bbrongerpn@nifty.com,94497,Room 1624,Terre Haute,IN,36,69,0,704
Lemar,Shorto,lshortopo@etsy.com,84348,9th Floor,Denver,CO,25,52,0,869
Michelle,Job,mjobpp@irs.gov,93854,Apt 816,Lexington,KY,12,69,0,984
Krisha,Town,ktownpq@seattletimes.com,27970,Apt 1925,Chicago,IL,40,32,0,484
Harrie,Thirlwell,hthirlwellpr@admin.ch,51628,Suite 26,Lafayette,LA,42,31,0,393
Maud,Guarin,mguarinps@japanpost.jp,29794,19th Floor,Colorado Springs,CO,40,5,0,270
Dollie,Domokos,ddomokospt@w3.org,57612,9th Floor,Anchorage,AK,12,75,1,430
Ariella,Rohfsen,arohfsenpu@canalblog.com,52912,Suite 11,Louisville,KY,41,48,0,152
Malcolm,Jedraszek,mjedraszekpv@blogs.com,95220,Room 982,Van Nuys,CA,47,36,1,419
Zebadiah,Shurey,zshureypw@sciencedaily.com,81077,6th Floor,Riverside,CA,29,44,0,767
Talya,Behning,tbehningpx@shareasale.com,80297,12th Floor,Scranton,PA,47,6,1,970
Aubrie,Midson,amidsonpy@ca.gov,39645,Suite 52,Knoxville,TN,27,8,0,893
Doloritas,MacGorrie,dmacgorriepz@feedburner.com,80796,PO Box 75172,San Francisco,CA,29,99,0,432
Donalt,Gaskin,dgaskinq0@nps.gov,14521,19th Floor,Worcester,MA,48,6,1,188
Clevie,Amies,camiesq1@who.int,72449,PO Box 44399,Roanoke,VA,36,36,1,989
Carmen,Daltry,cdaltryq2@wiley.com,90736,PO Box 36154,Houston,TX,32,69,0,741
Carena,Pfaffel,cpfaffelq3@scribd.com,74371,Apt 1686,Memphis,TN,6,6,0,824
Hugo,Mangin,hmanginq4@cocolog-nifty.com,94097,PO Box 39846,Chicago,IL,11,33,1,868
Ty,Weafer,tweaferq5@nhs.uk,90711,15th Floor,Des Moines,IA,24,40,0,869
Trey,Afield,tafieldq6@wikimedia.org,27670,Room 693,Buffalo,NY,40,26,0,374
Alan,Fountian,afountianq7@baidu.com,71038,Suite 63,Newark,NJ,30,32,1,518
Reina,Settle,rsettleq8@ucla.edu,25921,Suite 74,Denver,CO,30,84,1,373
Ernestine,Gallagher,egallagherq9@bloglines.com,21974,Suite 91,Port Saint Lucie,FL,18,51,1,622
Demetria,Load,dloadqa@ftc.gov,88833,PO Box 64992,Macon,GA,25,80,1,635
Sibylle,Zamboniari,szamboniariqb@imgur.com,55083,PO Box 63557,Los Angeles,CA,39,98,1,9
Karry,Lohrensen,klohrensenqc@webmd.com,35349,PO Box 19508,Los Angeles,CA,16,75,0,977
Helsa,McGookin,hmcgookinqd@noaa.gov,37536,Room 39,Tulsa,OK,38,42,1,128
Constancia,Barkworth,cbarkworthqe@techcrunch.com,50791,PO Box 21051,Seattle,WA,23,34,0,930
Bryn,Ramshaw,bramshawqf@techcrunch.com,96106,9th Floor,Santa Fe,NM,41,47,0,323
Avie,Harkins,aharkinsqg@ebay.com,50243,Suite 17,El Paso,TX,40,8,0,217
Cherilyn,Soutter,csoutterqh@cnbc.com,85685,Apt 341,Naperville,IL,24,85,1,647
Robinett,Baldin,rbaldinqi@parallels.com,27449,Apt 375,Knoxville,TN,50,27,0,539
Cesare,Downage,cdownageqj@admin.ch,43506,Room 1140,Tampa,FL,28,23,1,714
Rochella,Tinniswood,rtinniswoodqk@de.vu,99454,Apt 1902,Alexandria,VA,38,70,0,373
Bryana,Rubenovic,brubenovicql@dot.gov,61974,9th Floor,Atlanta,GA,45,57,0,728
Sigmund,Petts,spettsqm@myspace.com,69196,Room 1277,Decatur,GA,27,18,1,644
Michel,Johantges,mjohantgesqn@sphinn.com,58498,Room 327,Sunnyvale,CA,45,14,0,403
Cindra,McVeigh,cmcveighqo@nymag.com,12620,Apt 1071,Reading,PA,46,94,0,242
Gerda,Barday,gbardayqp@jimdo.com,22062,Apt 1590,Worcester,MA,34,12,0,81
Brittany,Darnody,bdarnodyqq@discovery.com,28796,11th Floor,Young America,MN,44,11,1,917
Jordanna,Lyddiatt,jlyddiattqr@icio.us,75364,5th Floor,Aurora,CO,9,27,1,448
Samara,Easterling,seasterlingqs@irs.gov,83307,Suite 96,Topeka,KS,32,99,1,206
Joycelin,Preator,jpreatorqt@cisco.com,18665,Apt 273,Philadelphia,PA,43,37,1,848
Barnabas,Cleevely,bcleevelyqu@buzzfeed.com,24947,5th Floor,Shawnee Mission,KS,10,73,1,825
Malvin,Walton,mwaltonqv@intel.com,41756,Apt 33,Richmond,VA,12,7,1,430
Karoly,Victor,kvictorqw@youtube.com,51291,8th Floor,El Paso,TX,40,68,0,477
Hayes,Geill,hgeillqx@ustream.tv,27129,Apt 1433,Gainesville,FL,13,73,1,505
Cory,Behn,cbehnqy@theglobeandmail.com,64452,Suite 67,Lincoln,NE,24,80,0,854
Abigael,Bezarra,abezarraqz@ezinearticles.com,71791,Room 333,Charlotte,NC,43,82,1,428
Glad,Adamson,gadamsonr0@netlog.com,62252,18th Floor,Spring,TX,12,97,0,87
Carmon,Ashlin,cashlinr1@gmpg.org,61100,PO Box 85363,Waterloo,IA,7,35,0,409
Rab,Pierro,rpierror2@booking.com,86659,Apt 97,New Haven,CT,24,74,1,55
Kellen,Zanuciolii,kzanucioliir3@1688.com,91802,Apt 1092,Washington,DC,23,60,1,583
Karlik,Andrivot,kandrivotr4@mtv.com,85414,2nd Floor,Saint Cloud,MN,44,68,0,134
Lowell,Feltoe,lfeltoer5@answers.com,52742,Room 1224,El Paso,TX,35,11,0,445
Malorie,Purviss,mpurvissr6@tuttocitta.it,11237,3rd Floor,Houston,TX,41,27,1,448
Elwyn,Judson,ejudsonr7@wisc.edu,78825,8th Floor,Memphis,TN,42,7,0,168
Elwin,Linfitt,elinfittr8@wiley.com,78189,Apt 1450,Tucson,AZ,11,40,1,861
Loralee,McBeith,lmcbeithr9@nbcnews.com,64773,PO Box 49020,San Antonio,TX,20,40,1,682
Ermin,Jeff,ejeffra@slate.com,30075,Apt 1097,San Antonio,TX,41,30,1,45
Clim,Klimek,cklimekrb@github.com,92301,PO Box 38379,Saint Paul,MN,13,75,0,559
Goran,Hriinchenko,ghriinchenkorc@youtu.be,93954,Suite 82,New York City,NY,29,22,0,22
Jonathan,Demaid,jdemaidrd@t.co,74596,Suite 91,Pittsburgh,PA,31,82,0,747
Brendin,Hully,bhullyre@cbslocal.com,77356,Room 1039,Saginaw,MI,11,29,1,926
Lolly,Bloomfield,lbloomfieldrf@wunderground.com,39323,Apt 1004,Miami,FL,46,50,1,72
Guglielma,Monget,gmongetrg@earthlink.net,12445,20th Floor,Shawnee Mission,KS,27,51,0,886
Emmeline,Duff,eduffrh@constantcontact.com,51443,PO Box 24970,Jamaica,NY,33,70,0,419
Aleta,Colbeck,acolbeckri@diigo.com,18107,Apt 458,El Paso,TX,13,87,0,957
Halli,McInnerny,hmcinnernyrj@cisco.com,75393,12th Floor,Fresno,CA,30,45,1,752
Phillipe,Cescon,pcesconrk@skyrock.com,85106,Suite 97,Dallas,TX,8,20,0,915
Steffane,Lillicrap,slillicraprl@statcounter.com,20177,20th Floor,Roanoke,VA,6,9,1,412
Emanuele,Geram,egeramrm@webeden.co.uk,86122,13th Floor,Scottsdale,AZ,46,67,1,80
Antoni,Shoesmith,ashoesmithrn@opera.com,26065,PO Box 64836,Providence,RI,22,65,1,420
Kaye,Cottell,kcottellro@unicef.org,65697,Apt 1368,Cincinnati,OH,45,29,1,122
Paxon,Preto,ppretorp@walmart.com,72455,Suite 18,Pittsburgh,PA,40,7,0,94
Olenka,La Grange,olagrangerq@macromedia.com,27211,PO Box 28385,Greensboro,NC,38,77,0,401
Adrien,Lighten,alightenrr@yahoo.com,35208,Room 51,Detroit,MI,41,40,1,938
